CustomerID,TotalComprado,Rank
14646,280206.0200000001,1
18102,259657.30000000005,2
17450,194390.79000000004,3
16446,168472.5,4
14911,143711.16999999995,5
12415,124914.53000000001,6
14156,117210.07999999999,7
17511,91062.38,8
16029,80850.84000000001,9
12346,77183.6,10
16684,66653.56,11
14096,65164.79000000009,12
13694,65039.619999999995,13
15311,60632.74999999997,14
13089,58762.07999999999,15
17949,58510.479999999996,16
15769,56252.719999999994,17
15061,54534.14,18
14298,51527.299999999996,19
14088,50491.81000000001,20
15749,44534.3,21
12931,42055.96,22
17841,40519.83999999994,23
15098,39916.5,24
13798,37153.850000000006,25
16013,37130.600000000006,26
16422,34684.4,27
15838,33643.08,28
12748,33053.18999999998,29
17404,31906.82,30
17389,31833.68,31
13098,28882.44,32
14680,28754.11,33
13081,28337.379999999997,34
13408,28117.04,35
17857,26879.04,36
16333,26626.800000000003,37
13777,25977.160000000003,38
12753,21429.39,39
12744,21279.29,40
16210,21086.3,41
17675,20374.280000000002,42
17381,20275.61,43
12471,19788.649999999998,44
15039,19766.590000000004,45
12731,18895.91,46
15159,18641.010000000002,47
12901,17654.54,48
12678,17628.46,49
14031,17286.86,50
17428,17256.85,51
13767,17220.36,52
13881,17159.52,53
16839,16594.350000000002,54
12921,16587.09,55
17677,16345.380000000003,56
15189,16225.39,57
14607,16209.499999999998,58
15856,16143.64,59
14051,15610.389999999998,60
15513,14758.220000000001,61
16133,14589.04,62
14866,14389.899999999998,63
16705,14034.989999999998,64
12681,13787.539999999997,65
12621,13689.670000000002,66
12540,13400.240000000002,67
12433,13375.87,68
15498,13316.4,69
12477,13219.740000000002,70
17735,13110.019999999997,71
16525,13027.45,72
14258,12669.98,73
13078,12627.94,74
12536,12601.830000000004,75
15640,12416.110000000002,76
16000,12393.7,77
17340,12353.289999999999,78
12682,12279.819999999998,79
13113,12245.96,80
14606,12076.150000000012,81
12557,11990.960000000001,82
12939,11581.8,83
15125,11528.48,84
14194,11349.519999999997,85
12971,11189.910000000002,86
14895,11138.71,87
12409,11072.67,88
17581,11025.240000000002,89
15482,10879.760000000002,90
13319,10845.55,91
17107,10797.48,92
13340,10736.48,93
17139,10650.77,94
16779,10611.720000000001,95
17865,10526.32,96
17706,10504.490000000002,97
15251,10484.99,98
14062,10464.85,99
14769,10416.98,100
15615,10399.739999999998,101
15502,10384.93,102
16180,10254.18,103
16843,10196.57,104
12590,9864.259999999998,105
13199,9817.12,106
13001,9785.970000000001,107
15078,9743.109999999997,108
12709,9706.52,109
13458,9646.569999999998,110
14733,9585.909999999998,111
16523,9418.47,112
12567,9401.279999999999,113
14367,9227.82,114
14667,9175.039999999999,115
18092,9068.259999999998,116
12451,9035.52,117
13969,9024.17,118
13488,8968.31,119
13090,8910.820000000002,120
16033,8778.82,121
17017,8694.259999999998,122
17306,8631.31,123
16656,8625.800000000001,124
17243,8540.05,125
14527,8507.130000000005,126
12683,8476.57,127
18139,8438.339999999998,128
15358,8347.199999999999,129
16558,8338.49,130
14056,8152.71,131
14936,8137.019999999999,132
16672,8134.94,133
13854,8109.52,134
14952,8099.49,135
18109,8004.920000000001,136
14796,7975.490000000003,137
12428,7956.459999999999,138
15290,7943.22,139
14849,7930.540000000001,140
12757,7834.6500000000015,141
13093,7832.469999999999,142
12435,7829.889999999999,143
13629,7792.360000000001,144
17811,7761.82,145
15044,7634.73,146
15194,7616.529999999999,147
18172,7561.68,148
13263,7436.930000000001,149
12980,7374.9,150
15465,7354.619999999999,151
17396,7330.800000000001,152
12474,7324.09,153
12583,7281.38,154
13018,7277.700000000001,155
18229,7276.899999999999,156
16729,7205.330000000001,157
16745,7180.699999999999,158
16873,7123.620000000001,159
13324,7121.95,160
16923,7069.08,161
13985,7060.13,162
14961,7044.679999999999,163
12766,6989.630000000001,164
12798,6977.039999999999,165
12989,6924.110000000001,166
13027,6912.0,167
16187,6911.44,168
16713,6910.779999999999,169
17416,6893.419999999999,170
12705,6868.29,171
12476,6816.42,172
12830,6814.639999999999,173
15601,6776.5599999999995,174
16652,6773.969999999999,175
18055,6761.34,176
16532,6748.799999999999,177
15023,6720.41,178
13576,6717.34,179
15249,6688.460000000001,180
16746,6680.1100000000015,181
16353,6675.71,182
12626,6620.4800000000005,183
16182,6617.650000000001,184
15144,6580.44,185
12472,6572.11,186
17338,6493.539999999999,187
18223,6484.540000000001,188
15694,6479.4,189
13225,6463.840000000001,190
13102,6424.089999999999,191
12431,6419.949999999999,192
16814,6416.7,193
13871,6403.249999999999,194
12359,6310.029999999999,195
13668,6309.829999999999,196
13709,6307.6500000000015,197
15005,6295.37,198
16126,6287.77,199
17315,6281.230000000001,200
14057,6211.660000000001,201
12357,6207.67,202
14060,6140.420000000001,203
13418,6127.430000000001,204
15939,6115.01,205
17509,6083.640000000001,206
14735,6065.69,207
13097,6003.219999999998,208
12637,6002.899999999999,209
14101,5976.79,210
15382,5955.71,211
14944,5900.25,212
13209,5891.61,213
13534,5870.08,214
14505,5859.43,215
14415,5855.570000000001,216
13050,5836.86,217
12720,5781.73,218
15218,5756.89,219
17686,5739.459999999999,220
13316,5732.93,221
13178,5725.47,222
16553,5719.82,223
13468,5704.969999999999,224
14110,5683.15,225
17716,5655.99,226
13004,5655.910000000001,227
17049,5655.03,228
18118,5625.080000000001,229
17757,5593.39,230
12839,5591.419999999999,231
12481,5579.82,232
14688,5579.1,233
14049,5578.72,234
16767,5575.5599999999995,235
12539,5568.35,236
16161,5533.670000000001,237
18225,5504.96,238
16609,5493.46,239
15805,5488.179999999999,240
16985,5464.12,241
16265,5447.0,242
18198,5425.56,243
12490,5417.93,244
17809,5411.91,245
16701,5398.299999999999,246
17719,5396.039999999999,247
17850,5391.210000000001,248
16303,5360.629999999999,249
13269,5343.28,250
17730,5298.48,251
15150,5291.329999999999,252
17061,5232.23,253
18226,5228.049999999999,254
12362,5226.2300000000005,255
16258,5203.509999999999,256
13756,5189.52,257
16191,5180.5199999999995,258
15727,5159.06,259
13599,5149.919999999999,260
17858,5140.66,261
15903,5126.76,262
13941,5112.96,263
15046,5090.42,264
16700,5076.549999999999,265
13139,5064.9400000000005,266
12432,5059.32,267
17602,5054.42,268
15301,5049.95,269
17426,5037.260000000001,270
15719,5030.07,271
14755,5010.28,272
14562,5006.7699999999995,273
12444,5005.46,274
14329,4975.24,275
15032,4959.1,276
12437,4951.41,277
12700,4939.99,278
14709,4921.04,279
15786,4919.0,280
15547,4910.6,281
17133,4892.24,282
12664,4881.879999999999,283
12688,4873.8099999999995,284
14292,4871.93,285
17652,4867.72,286
15738,4812.42,287
13013,4810.9400000000005,288
15298,4799.900000000001,289
15555,4794.86,290
15187,4777.179999999999,291
17365,4767.359999999999,292
12955,4757.16,293
14180,4748.52,294
15152,4745.6900000000005,295
16722,4730.8099999999995,296
17690,4726.799999999999,297
12714,4708.860000000001,298
14135,4690.3099999999995,299
14191,4684.76,300
15291,4668.3,301
14189,4654.08,302
14390,4642.569999999999,303
14159,4630.349999999999,304
14286,4628.75,305
13802,4599.42,306
15093,4597.0199999999995,307
14004,4582.639999999999,308
16931,4554.869999999999,309
17068,4552.139999999999,310
17613,4544.549999999999,311
12484,4527.320000000001,312
13267,4521.49,313
15299,4507.01,314
12524,4485.720000000001,315
17975,4483.26,316
14426,4481.669999999999,317
12627,4478.530000000001,318
17364,4462.68,319
16984,4459.5199999999995,320
13069,4431.4400000000005,321
14085,4421.289999999999,322
15955,4416.26,323
16626,4413.1,324
15874,4405.88,325
14534,4397.299999999999,326
12712,4396.13,327
13505,4393.629999999999,328
12752,4366.78,329
16945,4345.5,330
14016,4341.21,331
14800,4331.79,332
17567,4331.4800000000005,333
18251,4314.72,334
12347,4310.0,335
17937,4301.22,336
15034,4274.16,337
14422,4263.639999999999,338
12500,4257.82,339
17419,4226.57,340
14525,4215.900000000001,341
15804,4206.39,342
15971,4199.85,343
12747,4196.009999999999,344
14146,4191.0,345
14277,4188.0,346
12949,4167.22,347
13384,4151.93,348
15570,4148.82,349
13988,4147.96,350
12569,4124.6900000000005,351
17920,4119.5,352
16592,4113.68,353
13555,4098.88,354
16401,4098.32,355
18041,4097.369999999999,356
16670,4095.9000000000005,357
12749,4090.88,358
14092,4076.91,359
12449,4067.2899999999995,360
17377,4058.3199999999997,361
18087,4055.7200000000003,362
14401,4051.4800000000005,363
12656,4051.1699999999996,364
16549,4034.8999999999996,365
13815,4027.36,366
15514,4023.72,367
17940,4020.0399999999995,368
12957,4017.54,369
12867,4009.3399999999997,370
12378,4008.62,371
16186,4006.9399999999996,372
12841,3991.5799999999995,373
17001,3989.57,374
15416,3984.32,375
12779,3981.3599999999997,376
12727,3980.7,377
14547,3974.7500000000005,378
14299,3965.62,379
13523,3964.88,380
15529,3962.5999999999995,381
17611,3961.12,382
13183,3957.78,383
17769,3957.4299999999994,384
17651,3944.9999999999995,385
12473,3928.05,386
17593,3923.86,387
14739,3902.2800000000007,388
13999,3901.81,389
14291,3883.25,390
15195,3861.0,391
18073,3859.8200000000006,392
12662,3849.78,393
16717,3843.0799999999995,394
13266,3834.26,395
17091,3827.7600000000007,396
16327,3820.2699999999995,397
12755,3811.95,398
12597,3811.2200000000003,399
15867,3810.1400000000003,400
13435,3809.8899999999994,401
12668,3807.15,402
16145,3799.49,403
16655,3789.5199999999995,404
16168,3787.6000000000004,405
16019,3786.2399999999993,406
12562,3781.7400000000002,407
17173,3766.600000000001,408
13124,3756.33,409
12429,3750.4000000000005,410
14145,3742.2,411
13552,3740.0699999999997,412
16570,3738.3999999999996,413
12502,3723.8700000000003,414
12647,3722.82,415
13680,3719.1199999999994,416
17238,3719.1,417
16240,3718.7999999999997,418
14364,3717.35,419
15845,3711.77,420
15622,3709.56,421
17819,3704.87,422
15379,3703.29,423
14282,3701.4400000000005,424
12553,3692.2800000000007,425
16253,3683.8599999999997,426
13148,3683.2599999999993,427
15581,3675.77,428
15296,3672.86,429
16904,3653.7499999999995,430
15808,3651.2699999999995,431
12417,3649.1000000000004,432
13426,3641.32,433
12619,3641.24,434
16440,3640.6699999999996,435
13381,3639.31,436
17230,3638.41,437
17528,3628.5,438
13327,3627.77,439
13520,3624.3500000000004,440
13082,3613.63,441
18079,3613.1500000000005,442
16712,3611.3099999999995,443
15505,3610.96,444
13137,3603.29,445
14543,3599.73,446
15484,3590.41,447
14132,3586.03,448
16242,3579.86,449
17576,3564.83,450
14040,3560.32,451
17203,3560.08,452
17491,3558.8700000000003,453
15544,3546.71,454
14503,3543.26,455
12370,3541.94,456
13448,3534.69,457
12454,3528.34,458
17160,3518.0299999999997,459
13953,3515.6800000000003,460
15113,3509.4300000000003,461
16131,3506.54,462
13334,3502.3200000000006,463
14907,3501.0999999999995,464
16458,3482.7400000000007,465
14395,3479.909999999999,466
13993,3466.3599999999997,467
13014,3466.2799999999997,468
15410,3450.84,469
16360,3450.4100000000003,470
15129,3447.4,471
13536,3444.39,472
15974,3442.1499999999996,473
17725,3439.08,474
15676,3435.76,475
14221,3432.7999999999997,476
12406,3415.3,477
15981,3408.4800000000005,478
17758,3408.2000000000003,479
13437,3408.06,480
17669,3406.7200000000003,481
13198,3401.24,482
15228,3386.71,483
13842,3385.62,484
16011,3352.96,485
14227,3350.96,486
16818,3349.5700000000006,487
16607,3347.71,488
17183,3347.31,489
12643,3344.6400000000003,490
12613,3344.38,491
13015,3339.64,492
12594,3338.2200000000003,493
16556,3313.79,494
13373,3312.25,495
14841,3295.76,496
15632,3285.31,497
12480,3281.63,498
15764,3279.9699999999993,499
17723,3276.4,500
14702,3251.7899999999995,501
13952,3251.0699999999997,502
13047,3237.5400000000004,503
15708,3235.25,504
14175,3222.3,505
13880,3219.7699999999995,506
15443,3213.59,507
14388,3212.84,508
16107,3204.1600000000003,509
13868,3192.54,510
13758,3190.55,511
14844,3189.8100000000004,512
17220,3187.5499999999997,513
17050,3185.64,514
12456,3181.04,515
17672,3178.17,516
13268,3174.7499999999995,517
16837,3170.98,518
16041,3166.4,519
17863,3160.0,520
15065,3158.13,521
17685,3155.83,522
15861,3146.920000000001,523
14235,3144.8599999999997,524
17231,3124.719999999999,525
13685,3119.4399999999996,526
16678,3109.99,527
13742,3107.87,528
14099,3104.17,529
15491,3100.09,530
14257,3099.72,531
14565,3099.1200000000003,532
13135,3096.0,533
16156,3092.04,534
13362,3090.74,535
16218,3084.6800000000003,536
13869,3083.65,537
17059,3080.39,538
15998,3080.2199999999993,539
18272,3078.5799999999995,540
12910,3075.0400000000004,541
13631,3070.42,542
16940,3049.88,543
16393,3040.9600000000005,544
16326,3039.2200000000003,545
17799,3039.1699999999996,546
16905,3037.6,547
16709,3029.87,548
12598,3023.08,549
12395,3018.63,550
18094,3017.2999999999997,551
14456,3017.279999999999,552
12754,3010.74,553
15521,3000.2,554
17659,2999.4599999999996,555
17504,2997.0299999999997,556
12670,2996.0499999999997,557
14307,2995.72,558
15687,2993.0999999999995,559
14639,2984.4899999999993,560
14032,2975.59,561
15854,2969.1200000000003,562
16497,2965.6900000000005,563
17924,2962.5,564
16686,2959.8799999999997,565
14868,2953.5899999999997,566
12916,2944.95,567
17444,2940.0400000000004,568
16316,2938.91,569
17512,2924.99,570
15606,2920.16,571
12906,2919.81,572
14112,2915.15,573
12438,2906.85,574
13451,2898.26,575
17644,2895.6400000000003,576
18144,2888.75,577
12408,2888.55,578
13735,2883.54,579
16633,2883.1,580
14251,2879.7000000000007,581
17728,2876.0099999999998,582
14005,2874.72,583
15628,2870.24,584
13901,2867.2,585
12685,2863.080000000001,586
14530,2862.11,587
18145,2861.55,588
14535,2854.8399999999997,589
14711,2839.62,590
14852,2836.6900000000005,591
14842,2824.6900000000005,592
16928,2814.6999999999994,593
16871,2812.3399999999997,594
12356,2811.43,595
18230,2810.2000000000003,596
17596,2806.689999999999,597
14572,2804.5400000000004,598
16081,2799.42,599
13769,2796.5099999999998,600
14903,2795.3299999999995,601
12578,2794.5099999999998,602
12758,2791.59,603
17739,2791.3500000000004,604
14626,2791.2699999999995,605
16764,2790.949999999999,606
17213,2781.2299999999996,607
12388,2780.6599999999994,608
15984,2780.63,609
14121,2780.15,610
15993,2777.6699999999996,611
13870,2770.94,612
15114,2760.56,613
13971,2758.26,614
13230,2755.6299999999997,615
15321,2748.3099999999995,616
17084,2747.99,617
12669,2744.0299999999997,618
13174,2742.8199999999997,619
14854,2740.03,620
16003,2735.37,621
12840,2726.77,622
15673,2726.23,623
12380,2724.8100000000004,624
17838,2720.8000000000006,625
14125,2720.6299999999997,626
14808,2718.6,627
15356,2718.03,628
12708,2712.91,629
16938,2711.6800000000003,630
15696,2711.1099999999997,631
17069,2709.7000000000003,632
13285,2709.12,633
15796,2708.6099999999997,634
13654,2707.33,635
14107,2703.23,636
14732,2702.4900000000002,637
17386,2686.42,638
12625,2683.8200000000006,639
13883,2674.48,640
18097,2662.4,641
14713,2662.2,642
12360,2662.06,643
14439,2661.24,644
15671,2657.13,645
12721,2656.13,646
13851,2651.4599999999996,647
16618,2647.5899999999997,648
13658,2639.1700000000005,649
17655,2638.94,650
13771,2634.45,651
12520,2634.26,652
17402,2633.85,653
18260,2628.35,654
15752,2626.6000000000004,655
13422,2626.2999999999997,656
13644,2624.26,657
17346,2622.88,658
18210,2621.38,659
16255,2619.91,660
14262,2618.23,661
13021,2616.38,662
15782,2614.74,663
14397,2612.96,664
18075,2611.75,665
12836,2610.36,666
12726,2609.1,667
13136,2607.6099999999997,668
13983,2603.4300000000003,669
17317,2600.34,670
17965,2599.1899999999996,671
12600,2599.0400000000004,672
14408,2599.03,673
13895,2593.0699999999997,674
16919,2592.2499999999995,675
16241,2590.31,676
14243,2588.7700000000004,677
13804,2588.3899999999994,678
18077,2584.41,679
13911,2580.9100000000003,680
14546,2573.9299999999994,681
18245,2567.06,682
15485,2564.5,683
16308,2560.0,684
15033,2557.1799999999994,685
16912,2555.58,686
14334,2552.21,687
14676,2548.2400000000002,688
14776,2538.3,689
17700,2534.64,690
15572,2533.42,691
14659,2529.9300000000003,692
17314,2527.9199999999996,693
14701,2526.09,694
13394,2520.02,695
17449,2519.2099999999996,696
15245,2515.84,697
13344,2511.69,698
12352,2506.04,699
13695,2504.13,700
13471,2501.8400000000006,701
15932,2495.87,702
16477,2494.46,703
15271,2493.3399999999992,704
12483,2484.98,705
12913,2483.63,706
12517,2481.6,707
14315,2481.13,708
13507,2479.1600000000003,709
13588,2478.95,710
17682,2474.33,711
17188,2474.23,712
14766,2473.37,713
16710,2467.99,714
17164,2467.35,715
12455,2466.86,716
17131,2463.17,717
15750,2463.0499999999997,718
13784,2462.79,719
13975,2461.24,720
15674,2446.6,721
14163,2445.9100000000003,722
14502,2429.8299999999995,723
17071,2429.0299999999997,724
15527,2428.5299999999997,725
13949,2427.3199999999997,726
16143,2424.94,727
17722,2424.04,728
15089,2420.8399999999992,729
15373,2415.9100000000003,730
12397,2409.8999999999996,731
17589,2404.1699999999996,732
15980,2398.86,733
18065,2392.83,734
13141,2388.75,735
15370,2386.0499999999997,736
14493,2383.24,737
14239,2380.8500000000004,738
15270,2379.49,739
13722,2375.41,740
17434,2373.82,741
13908,2369.55,742
17530,2367.12,743
15755,2364.2499999999995,744
12457,2363.23,745
14930,2362.96,746
14030,2358.84,747
17634,2358.5899999999997,748
14440,2357.68,749
15140,2354.25,750
14309,2352.5299999999997,751
12704,2340.8399999999997,752
18259,2338.6,753
12584,2338.15,754
18257,2337.6299999999997,755
15281,2332.15,756
12782,2330.92,757
15785,2328.97,758
17313,2328.84,759
17744,2322.3999999999996,760
17211,2317.22,761
14290,2314.65,762
15365,2314.3199999999997,763
17954,2314.129999999999,764
13704,2308.06,765
15288,2306.52,766
16550,2298.9700000000003,767
15105,2298.93,768
13115,2294.7799999999997,769
15704,2293.62,770
12615,2291.19,771
17696,2285.71,772
12684,2283.6299999999997,773
14554,2279.4900000000002,774
13994,2274.14,775
13317,2273.6800000000003,776
14466,2272.4,777
16782,2267.95,778
16057,2263.12,779
16209,2262.62,780
16293,2248.99,781
13700,2248.63,782
17442,2248.5600000000004,783
14432,2248.5,784
15235,2247.5099999999993,785
16735,2247.4100000000003,786
16771,2242.61,787
13527,2242.36,788
14211,2241.1000000000004,789
14560,2237.77,790
16076,2234.73,791
18242,2232.4900000000002,792
12783,2225.91,793
13365,2225.37,794
15834,2225.1499999999996,795
15665,2222.21,796
14825,2221.01,797
15811,2218.62,798
12876,2218.02,799
14226,2214.79,800
16743,2213.1299999999997,801
15722,2211.21,802
12653,2209.85,803
13862,2209.3599999999997,804
15797,2207.3999999999996,805
15179,2206.9500000000003,806
17591,2203.67,807
15123,2199.31,808
13831,2198.45,809
14700,2195.1,810
16628,2188.05,811
17406,2184.4199999999996,812
15394,2183.54,813
12909,2178.67,814
12856,2170.7799999999997,815
12501,2169.39,816
14341,2166.9800000000005,817
12633,2163.98,818
12935,2160.7,819
16456,2158.1800000000003,820
14407,2157.73,821
16379,2157.4,822
13224,2155.95,823
16966,2154.97,824
17272,2148.63,825
14828,2139.76,826
12560,2134.0099999999998,827
13517,2128.42,828
18061,2119.41,829
13632,2118.93,830
14360,2118.0299999999997,831
18008,2116.19,832
14691,2114.3300000000004,833
13755,2108.06,834
14640,2107.38,835
18173,2106.84,836
18093,2106.52,837
14461,2103.06,838
15058,2102.54,839
15815,2100.5999999999995,840
13126,2099.6399999999994,841
12610,2099.5399999999995,842
17861,2097.88,843
17400,2097.84,844
16875,2095.53,845
17191,2093.6800000000003,846
14306,2093.3199999999997,847
13265,2092.6600000000003,848
17490,2092.32,849
13297,2089.85,850
13571,2088.9399999999996,851
18044,2088.6,852
14810,2085.33,853
16954,2085.08,854
17768,2081.9,855
16407,2079.68,856
14696,2078.95,857
14515,2076.8900000000003,858
14209,2073.4300000000003,859
18241,2073.09,860
18231,2071.77,861
18219,2069.77,862
12948,2064.9500000000003,863
12928,2062.7000000000003,864
16281,2062.06,865
14409,2059.4500000000003,866
12518,2056.8900000000003,867
17667,2055.51,868
14188,2054.36,869
16150,2053.0200000000004,870
17086,2050.08,871
17612,2048.4500000000007,872
14232,2048.0699999999997,873
18283,2045.5300000000002,874
13495,2044.87,875
17597,2044.37,876
13450,2043.7200000000003,877
14001,2043.08,878
12585,2040.1000000000001,879
17846,2033.1,880
13630,2031.78,881
16358,2027.5,882
16409,2022.9799999999998,883
14482,2022.81,884
15341,2020.5200000000002,885
17625,2020.3999999999999,886
13593,2011.8799999999999,887
18069,2009.2400000000002,888
15372,2007.4,889
16098,2005.63,890
14217,2004.98,891
14544,2004.3,892
17082,2003.85,893
16754,2002.4,894
18188,2001.04,895
13305,2000.8600000000001,896
16698,1998.0,897
17679,1992.1100000000001,898
17088,1991.01,899
17827,1987.3300000000004,900
13590,1981.92,901
17337,1981.0599999999995,902
14462,1980.5700000000002,903
13725,1980.56,904
17422,1979.3700000000001,905
18204,1975.3500000000001,906
17090,1974.6499999999999,907
15531,1972.39,908
16341,1971.87,909
12674,1970.6,910
17790,1964.3,911
17997,1962.4600000000003,912
13246,1961.5199999999995,913
14506,1960.65,914
14498,1957.3199999999997,915
12853,1957.1,916
15493,1953.4099999999996,917
17554,1952.45,918
17218,1951.9699999999998,919
14533,1949.7200000000003,920
15814,1945.3300000000004,921
14418,1937.2499999999998,922
15864,1936.3199999999997,923
15157,1936.07,924
15351,1934.6599999999999,925
12528,1933.4799999999998,926
14655,1932.2299999999998,927
13094,1927.32,928
14653,1926.65,929
15518,1921.5499999999997,930
14978,1921.37,931
14285,1910.0099999999998,932
17228,1906.0900000000001,933
16983,1905.87,934
14210,1905.84,935
15819,1905.4500000000003,936
16942,1904.9900000000002,937
14250,1904.0500000000002,938
12762,1898.5200000000002,939
14730,1897.5699999999997,940
14934,1890.94,941
12371,1887.96,942
15641,1887.1999999999998,943
16170,1885.05,944
13890,1883.81,945
16128,1880.22,946
17738,1879.05,947
17368,1878.87,948
15367,1877.5899999999997,949
17463,1875.86,950
16986,1873.2,951
13982,1871.81,952
15021,1871.7699999999995,953
17469,1870.97,954
16841,1869.8199999999997,955
17870,1865.8899999999999,956
16426,1863.7600000000002,957
16201,1863.4700000000003,958
14887,1862.0,959
12423,1859.31,960
14305,1858.9599999999998,961
12963,1856.6300000000003,962
17293,1854.0599999999997,963
14472,1852.67,964
16979,1851.9999999999998,965
12383,1850.56,966
17873,1848.9599999999998,967
12381,1845.31,968
17519,1844.0200000000002,969
14524,1843.83,970
18180,1843.7499999999998,971
12950,1843.0,972
16102,1842.14,973
16455,1841.18,974
14113,1840.42,975
14216,1839.3000000000002,976
13924,1838.85,977
17015,1838.61,978
14459,1837.92,979
18287,1837.2799999999997,980
13650,1836.34,981
15827,1836.0900000000001,982
14665,1835.6999999999998,983
13421,1833.71,984
16152,1829.0399999999997,985
15203,1827.8000000000002,986
17702,1824.37,987
16153,1824.2299999999998,988
17705,1823.5200000000002,989
16169,1822.9700000000003,990
17828,1820.0900000000001,991
13048,1819.4099999999999,992
17787,1817.5400000000002,993
17629,1814.12,994
15260,1810.77,995
16474,1810.65,996
13481,1804.56,997
17663,1802.9099999999999,998
15812,1801.1399999999999,999
16249,1800.0699999999997,1000
13562,1799.3300000000002,1001
13196,1797.7800000000004,1002
17648,1797.4999999999998,1003
12348,1797.2400000000002,1004
18235,1796.48,1005
13134,1793.58,1006
18179,1793.1699999999998,1007
18122,1793.0599999999997,1008
13510,1791.5600000000002,1009
12523,1789.77,1010
14215,1789.72,1011
14621,1788.3599999999997,1012
13875,1786.7899999999997,1013
14608,1785.1499999999999,1014
14935,1784.71,1015
15220,1778.96,1016
12645,1775.1799999999998,1017
17092,1774.03,1018
15594,1771.7799999999997,1019
15473,1771.2,1020
16681,1770.34,1021
16719,1770.2199999999998,1022
13456,1766.72,1023
16751,1764.7200000000003,1024
12424,1760.96,1025
12823,1759.5,1026
12349,1757.55,1027
15241,1756.4400000000003,1028
16359,1750.9200000000003,1029
13808,1747.6599999999999,1030
15067,1744.7600000000002,1031
15950,1744.7100000000003,1032
16380,1743.1499999999999,1033
13157,1741.22,1034
14595,1740.6,1035
17930,1740.48,1036
17353,1740.0,1037
17457,1737.7,1038
15050,1737.69,1039
14673,1736.4,1040
17043,1735.1800000000003,1041
14387,1727.6,1042
13564,1724.67,1043
17451,1721.4000000000003,1044
14834,1720.3,1045
15267,1717.36,1046
17162,1715.46,1047
13763,1714.9600000000003,1048
17147,1714.59,1049
14441,1712.89,1050
17750,1710.4500000000003,1051
12405,1710.3899999999999,1052
15947,1708.24,1053
12407,1708.1200000000001,1054
16902,1706.8799999999999,1055
15240,1706.57,1056
16398,1705.8000000000002,1057
16791,1705.7800000000002,1058
12843,1702.2600000000002,1059
17193,1699.3,1060
13824,1698.9399999999998,1061
17813,1698.07,1062
12764,1693.8799999999999,1063
16007,1693.81,1064
14245,1693.45,1065
16671,1692.27,1066
16775,1691.5099999999998,1067
15380,1690.26,1068
17152,1689.5,1069
12635,1689.1800000000003,1070
13162,1688.2900000000004,1071
13577,1687.6,1072
17282,1685.46,1073
15549,1681.4599999999998,1074
16638,1680.7200000000003,1075
13149,1676.0600000000004,1076
17656,1674.69,1077
13184,1668.9499999999998,1078
17754,1664.6500000000003,1079
12912,1662.3,1080
12530,1662.28,1081
15214,1661.4400000000003,1082
15332,1661.0600000000002,1083
12967,1660.9,1084
16115,1660.88,1085
14045,1659.75,1086
15953,1657.2799999999997,1087
15826,1654.31,1088
16813,1652.1799999999998,1089
16711,1651.0300000000002,1090
14837,1649.4999999999995,1091
13647,1648.12,1092
17284,1647.4799999999998,1093
13750,1647.2599999999998,1094
13012,1646.84,1095
12657,1643.18,1096
15002,1641.7599999999998,1097
14573,1639.8200000000002,1098
13627,1638.4699999999998,1099
15024,1636.4299999999998,1100
12398,1635.66,1101
15122,1633.7800000000002,1102
14164,1631.77,1103
12377,1628.12,1104
14759,1625.97,1105
13425,1624.21,1106
16515,1624.14,1107
15172,1624.05,1108
14937,1621.8799999999999,1109
17101,1621.73,1110
18161,1618.69,1111
16987,1616.8000000000002,1112
14336,1614.91,1113
16992,1614.3100000000002,1114
15791,1612.69,1115
14312,1611.5900000000001,1116
14918,1610.15,1117
12868,1607.0600000000002,1118
16817,1604.75,1119
12947,1603.99,1120
15660,1600.8600000000001,1121
14178,1600.26,1122
16496,1599.52,1123
16466,1595.96,1124
13850,1595.48,1125
17673,1594.97,1126
16801,1594.23,1127
16676,1592.12,1128
14970,1592.06,1129
15611,1591.45,1130
18178,1590.81,1131
14442,1589.82,1132
13614,1585.46,1133
16332,1582.8000000000002,1134
12393,1582.6000000000001,1135
14719,1581.84,1136
14587,1580.2900000000002,1137
12607,1579.51,1138
13814,1579.1200000000001,1139
16889,1578.67,1140
13186,1575.8899999999999,1141
17671,1572.71,1142
16283,1570.81,1143
12865,1568.2299999999998,1144
15906,1567.69,1145
15111,1567.4799999999998,1146
15532,1564.73,1147
17204,1564.56,1148
13659,1563.0,1149
17085,1562.4,1150
18239,1561.61,1151
14038,1560.38,1152
16394,1555.34,1153
13313,1555.3200000000002,1154
15620,1553.18,1155
15117,1551.78,1156
13634,1547.3600000000001,1157
14229,1547.1999999999998,1158
16790,1545.62,1159
16369,1545.4099999999999,1160
13397,1544.13,1161
12818,1542.0800000000002,1162
17837,1541.23,1163
16365,1540.42,1164
17159,1538.8799999999999,1165
13849,1537.95,1166
12877,1535.77,1167
15392,1535.5299999999997,1168
15625,1534.26,1169
13320,1532.1999999999998,1170
13107,1531.6200000000001,1171
12759,1531.4399999999998,1172
14321,1530.75,1173
14567,1530.36,1174
15701,1528.9999999999998,1175
16244,1522.75,1176
16066,1521.0399999999997,1177
13213,1520.5799999999997,1178
13764,1519.42,1179
14267,1516.24,1180
13791,1516.0,1181
16748,1515.9,1182
16053,1511.9499999999998,1183
16434,1511.8000000000002,1184
16910,1508.9599999999998,1185
15265,1506.1199999999997,1186
12937,1504.2699999999998,1187
15916,1502.8600000000001,1188
16279,1502.78,1189
13810,1499.0099999999998,1190
15530,1497.31,1191
14414,1496.9800000000002,1192
14704,1493.9599999999998,1193
17002,1493.73,1194
16880,1491.43,1195
15057,1489.5,1196
13110,1488.67,1197
13692,1488.3200000000002,1198
17553,1487.6,1199
14758,1484.06,1200
16395,1482.06,1201
18016,1477.6599999999999,1202
14878,1476.0899999999997,1203
14403,1475.81,1204
16755,1475.4299999999998,1205
12826,1474.72,1206
14246,1474.06,1207
14963,1472.34,1208
15128,1471.0,1209
17590,1468.02,1210
16016,1465.51,1211
14875,1465.3199999999997,1212
15983,1465.12,1213
12882,1463.04,1214
14233,1462.7199999999998,1215
17063,1461.14,1216
16996,1456.9599999999998,1217
13309,1456.79,1218
13477,1454.58,1219
14541,1453.3500000000001,1220
16059,1453.1600000000003,1221
14404,1449.32,1222
14740,1448.21,1223
17073,1446.09,1224
13717,1445.01,1225
13461,1445.0,1226
17175,1443.6899999999996,1227
14071,1437.5699999999997,1228
15987,1432.77,1229
14566,1432.0,1230
16503,1431.9300000000003,1231
13475,1431.78,1232
15427,1430.54,1233
16103,1429.64,1234
13159,1429.3500000000001,1235
14035,1428.02,1236
15858,1427.57,1237
15681,1426.16,1238
17571,1425.6699999999998,1239
15106,1422.52,1240
16463,1422.4,1241
16571,1421.6899999999998,1242
14019,1421.6100000000001,1243
14901,1421.2900000000002,1244
14443,1420.2,1245
16173,1418.32,1246
17856,1418.03,1247
17288,1417.63,1248
14748,1415.75,1249
16348,1415.6499999999999,1250
16012,1415.29,1251
16245,1413.6599999999999,1252
15237,1412.32,1253
15444,1411.21,1254
15596,1406.59,1255
17083,1405.7800000000002,1256
16271,1404.6399999999999,1257
15426,1404.07,1258
18116,1403.1100000000001,1259
14649,1402.5899999999997,1260
15563,1400.44,1261
14741,1400.3400000000001,1262
15478,1399.92,1263
18202,1396.99,1264
13995,1393.69,1265
17354,1393.06,1266
15810,1391.98,1267
13414,1390.5,1268
13516,1389.4099999999999,1269
16539,1388.81,1270
15134,1387.99,1271
12952,1387.79,1272
12775,1386.04,1273
13308,1385.51,1274
18167,1384.8600000000001,1275
17311,1384.8500000000001,1276
13572,1384.25,1277
15898,1383.8300000000002,1278
15051,1383.36,1279
14116,1382.74,1280
16389,1382.07,1281
17621,1379.8999999999999,1282
12886,1378.4,1283
15569,1375.71,1284
14434,1372.8,1285
15453,1371.77,1286
17676,1371.1799999999998,1287
15095,1370.6000000000001,1288
14507,1367.88,1289
13813,1366.86,1290
14897,1366.38,1291
13396,1360.99,1292
16726,1358.74,1293
17054,1356.3300000000002,1294
14859,1353.74,1295
15116,1352.75,1296
16079,1352.0,1297
16493,1351.6299999999999,1298
12770,1351.45,1299
15411,1348.93,1300
16669,1348.88,1301
12646,1346.9700000000003,1302
14154,1345.62,1303
15398,1345.5299999999997,1304
12463,1344.78,1305
16317,1341.65,1306
13743,1341.6,1307
18177,1340.8700000000001,1308
16045,1340.7,1309
13501,1340.32,1310
15734,1339.4499999999998,1311
12620,1339.4099999999999,1312
15059,1337.7200000000003,1313
17372,1337.18,1314
12919,1335.1899999999998,1315
14064,1334.34,1316
15680,1333.68,1317
17932,1331.5700000000002,1318
12676,1331.39,1319
16295,1328.55,1320
13232,1328.35,1321
15146,1327.16,1322
17633,1324.84,1323
17095,1324.16,1324
16110,1320.95,1325
14591,1320.21,1326
14794,1319.9099999999999,1327
16083,1317.62,1328
12526,1316.6599999999999,1329
12854,1316.25,1330
14921,1316.0700000000002,1331
12576,1315.83,1332
14511,1314.81,1333
14738,1314.4500000000003,1334
14973,1314.4500000000003,1334
16040,1313.5500000000002,1336
12364,1313.1000000000001,1337
17004,1312.14,1338
12516,1312.06,1339
14477,1309.6,1340
16120,1309.14,1341
14047,1308.6100000000001,1342
13328,1308.4799999999998,1343
14297,1305.33,1344
12507,1304.81,1345
17919,1304.04,1346
15813,1303.9099999999999,1347
16370,1301.9099999999999,1348
15108,1300.25,1349
13168,1299.5900000000001,1350
12488,1298.66,1351
16464,1298.6599999999999,1352
12372,1298.04,1353
15602,1297.87,1354
17961,1296.44,1355
16929,1295.39,1356
16224,1295.3000000000002,1357
15621,1293.03,1358
16744,1291.9099999999999,1359
16101,1290.7,1360
14856,1290.5299999999997,1361
15171,1289.5,1362
15136,1286.6999999999998,1363
16949,1286.2700000000002,1364
17802,1285.04,1365
17350,1281.3200000000002,1366
13538,1280.85,1367
15494,1280.5800000000002,1368
16951,1277.75,1369
16692,1276.0,1370
12394,1272.48,1371
13878,1271.5700000000002,1372
16899,1271.06,1373
12630,1270.8799999999999,1374
13492,1269.8400000000001,1375
14898,1269.31,1376
13431,1269.1,1377
14916,1268.9800000000002,1378
15199,1268.6999999999998,1379
16660,1267.65,1380
17037,1267.3200000000002,1381
17158,1266.9700000000003,1382
14105,1266.23,1383
13989,1266.08,1384
16842,1264.1899999999998,1385
15497,1262.2,1386
16688,1260.8600000000001,1387
17388,1259.5600000000002,1388
15009,1259.4299999999998,1389
14669,1259.24,1390
17019,1258.08,1391
17412,1258.0600000000002,1392
13151,1257.8700000000001,1393
14931,1257.6800000000003,1394
16639,1257.51,1395
17481,1255.59,1396
13848,1255.0,1397
17262,1253.36,1398
14383,1247.69,1399
12689,1247.61,1400
13029,1247.4999999999998,1401
12494,1246.1,1402
13860,1245.9,1403
16531,1244.59,1404
17584,1242.3,1405
17588,1240.2,1406
17731,1240.1100000000001,1407
12985,1239.38,1408
13476,1238.47,1409
14893,1237.85,1410
13931,1237.5300000000002,1411
15201,1236.54,1412
18080,1231.5,1413
18171,1231.31,1414
15910,1228.8799999999999,1415
14913,1227.43,1416
12997,1226.8899999999999,1417
12412,1226.8799999999999,1418
15841,1224.06,1419
14428,1224.06,1419
15376,1221.56,1421
15004,1220.77,1422
14745,1220.2600000000002,1423
15227,1219.4,1424
13208,1217.65,1425
14698,1217.27,1426
13491,1215.8200000000002,1427
17410,1214.72,1428
13055,1214.41,1429
17774,1213.73,1430
18263,1213.16,1431
13918,1212.84,1432
16653,1212.66,1433
12464,1212.0499999999997,1434
17653,1207.56,1435
16762,1207.2400000000002,1436
14684,1201.5100000000002,1437
13158,1201.06,1438
17320,1200.6200000000001,1439
15605,1198.2300000000002,1440
13118,1197.81,1441
16794,1196.5000000000002,1442
17720,1195.94,1443
17526,1195.9,1444
15145,1194.73,1445
12611,1193.32,1446
13882,1191.1299999999999,1447
12462,1189.59,1448
15737,1188.1200000000001,1449
16612,1187.66,1450
17800,1187.21,1451
15630,1186.3500000000001,1452
17058,1179.8899999999999,1453
16950,1178.56,1454
16042,1177.47,1455
13752,1175.38,1456
12885,1175.2199999999998,1457
12640,1174.5800000000002,1458
15306,1174.3500000000001,1459
14857,1173.12,1460
12358,1168.06,1461
13500,1166.77,1462
14487,1165.48,1463
14737,1164.55,1464
14261,1163.45,1465
14447,1163.23,1466
16800,1162.65,1467
12546,1161.5,1468
15088,1160.07,1469
18168,1160.04,1470
13499,1159.1100000000001,1471
16184,1158.79,1472
17867,1157.8700000000001,1473
17348,1156.6,1474
16637,1154.47,1475
13611,1154.4,1476
16062,1153.62,1477
12710,1149.02,1478
17505,1145.84,1479
16766,1145.6,1480
12769,1143.6000000000001,1481
17770,1143.2699999999998,1482
15985,1142.4199999999998,1483
16270,1141.2399999999998,1484
13330,1140.93,1485
13819,1140.3500000000001,1486
16172,1140.21,1487
17135,1139.73,1488
17500,1138.0,1489
17302,1135.63,1490
17242,1135.04,1491
15489,1134.28,1492
16989,1133.25,1493
13282,1132.14,1494
13310,1132.03,1495
18125,1131.75,1496
15500,1131.56,1497
13447,1129.14,1498
16714,1129.06,1499
14824,1127.71,1500
12609,1126.8500000000001,1501
14708,1126.37,1502
17470,1125.07,1503
14129,1123.8600000000001,1504
13772,1122.63,1505
13486,1122.41,1506
17562,1122.3799999999999,1507
14723,1122.3600000000001,1508
16807,1121.5900000000001,1509
16086,1121.39,1510
15730,1120.88,1511
14276,1119.74,1512
12842,1118.99,1513
17894,1118.96,1514
17788,1117.9,1515
13591,1117.13,1516
17585,1116.68,1517
16350,1116.47,1518
12679,1113.0200000000002,1519
14817,1110.3400000000001,1520
15069,1109.5299999999997,1521
12399,1108.65,1522
15933,1107.4599999999998,1523
16833,1106.53,1524
12857,1106.3999999999999,1525
14102,1105.88,1526
17609,1105.7800000000002,1527
13064,1105.5900000000001,1528
14948,1101.97,1529
15716,1101.1100000000001,1530
17047,1100.9,1531
14410,1100.2700000000002,1532
14744,1099.98,1533
15978,1098.7799999999997,1534
13104,1098.4799999999998,1535
17966,1098.43,1536
14971,1097.98,1537
14161,1097.62,1538
16225,1096.32,1539
13211,1095.42,1540
13652,1095.08,1541
15745,1094.59,1542
15608,1093.68,1543
18189,1090.24,1544
13853,1090.1399999999999,1545
12534,1089.18,1546
15763,1086.92,1547
16533,1082.81,1548
13610,1082.3300000000002,1549
14561,1080.76,1550
13744,1080.52,1551
13726,1079.66,1552
15197,1079.61,1553
12354,1079.4,1554
14352,1078.9599999999998,1555
16094,1078.23,1556
16563,1077.74,1557
13715,1077.3899999999999,1558
16049,1074.8100000000002,1559
13131,1073.3000000000002,1560
15712,1072.3600000000001,1561
15238,1071.99,1562
13467,1071.91,1563
13521,1071.73,1564
17041,1071.49,1565
13635,1071.03,1566
17522,1070.71,1567
13761,1070.65,1568
14212,1070.48,1569
16200,1068.87,1570
16918,1068.82,1571
15436,1067.7499999999998,1572
15027,1066.1499999999999,1573
17277,1065.35,1574
14488,1064.28,1575
12951,1064.07,1576
15801,1063.95,1577
12936,1063.9,1578
12815,1063.46,1579
14411,1063.0,1580
16214,1062.7500000000002,1581
15706,1060.5600000000002,1582
17727,1060.25,1583
18130,1059.39,1584
17214,1059.1200000000001,1585
13455,1058.3400000000001,1586
15977,1054.73,1587
12716,1053.49,1588
14419,1051.79,1589
16416,1051.4,1590
15329,1049.7,1591
14078,1049.37,1592
17287,1049.06,1593
15839,1048.4899999999998,1594
16728,1048.28,1595
15777,1047.1100000000001,1596
15407,1046.74,1597
16520,1046.57,1598
14293,1046.5600000000002,1599
15464,1044.65,1600
15192,1044.3200000000002,1601
14389,1043.46,1602
15073,1043.4099999999999,1603
12497,1043.1,1604
13719,1041.68,1605
18221,1041.61,1606
15434,1041.48,1607
16320,1038.46,1608
14465,1038.4399999999998,1609
16175,1037.5900000000001,1610
17042,1036.58,1611
12691,1035.8,1612
16260,1035.45,1613
13639,1033.34,1614
14584,1033.06,1615
17724,1033.0000000000002,1616
12599,1032.5800000000002,1617
15996,1032.58,1618
12724,1031.41,1619
17405,1031.41,1619
13235,1031.0700000000002,1621
12717,1030.98,1622
13253,1030.4,1623
17033,1030.14,1624
15333,1028.56,1625
16980,1028.46,1626
16682,1028.0,1627
14904,1025.44,1628
16160,1025.44,1628
15658,1024.1,1630
17096,1022.1300000000001,1631
14346,1021.5799999999999,1632
13165,1021.4799999999999,1633
12572,1020.4200000000001,1634
13376,1019.7599999999999,1635
18142,1019.5200000000001,1636
13956,1019.27,1637
12828,1018.7099999999999,1638
12514,1017.6800000000001,1639
13728,1016.1400000000001,1640
12642,1013.2600000000001,1641
12739,1013.04,1642
17197,1013.0100000000001,1643
14195,1011.9999999999999,1644
14775,1011.9,1645
16229,1010.5999999999999,1646
14446,1010.3499999999999,1647
12849,1010.29,1648
13032,1010.1799999999998,1649
14224,1009.7300000000001,1650
16572,1009.6,1651
16174,1009.5500000000001,1652
17951,1008.5400000000001,1653
17646,1008.39,1654
14631,1006.9799999999999,1655
13429,1006.8,1656
13867,1005.0899999999999,1657
14214,1004.38,1658
13410,1003.0600000000001,1659
14083,1002.9,1660
12446,1002.3100000000001,1661
12545,1000.3899999999999,1662
15508,1000.27,1663
18143,1000.1600000000001,1664
12722,997.6299999999999,1665
15110,996.1,1666
15104,993.54,1667
17594,993.18,1668
13363,992.5000000000001,1669
14223,991.13,1670
16232,990.8800000000001,1671
14514,990.1999999999999,1672
17126,989.45,1673
15062,987.8600000000001,1674
18237,987.1000000000001,1675
14583,986.96,1676
17324,986.4799999999999,1677
13117,984.91,1678
17144,984.5699999999999,1679
12510,982.5699999999999,1680
15133,982.42,1681
15071,982.0700000000002,1682
16188,981.8599999999999,1683
16085,981.5100000000001,1684
12541,981.1800000000001,1685
18170,980.3100000000002,1686
13509,979.7199999999998,1687
13350,979.1200000000001,1688
15132,977.93,1689
14920,977.77,1690
13026,975.3599999999999,1691
16376,974.96,1692
14522,974.5400000000001,1693
15449,974.52,1694
12994,974.42,1695
18194,973.8399999999999,1696
16009,972.11,1697
15506,972.0800000000002,1698
13155,971.76,1699
17100,971.74,1700
14256,969.0600000000001,1701
14138,965.88,1702
15793,965.61,1703
15860,965.1600000000002,1704
12550,964.8299999999998,1705
13138,962.39,1706
14006,962.19,1707
15156,961.49,1708
16419,958.7099999999999,1709
18192,957.97,1710
13823,957.66,1711
12697,957.5899999999999,1712
14629,955.26,1713
15948,955.24,1714
17244,954.9,1715
17097,954.4200000000002,1716
15835,954.09,1717
14540,952.6600000000001,1718
15421,950.36,1719
13636,949.12,1720
12822,948.88,1721
17044,948.48,1722
13748,948.25,1723
12458,947.4,1724
15747,946.6399999999999,1725
13261,944.1,1726
12820,942.34,1727
14075,942.26,1728
15289,939.78,1729
17527,939.3700000000001,1730
17227,939.3199999999999,1731
16584,936.0799999999998,1732
14140,935.0500000000002,1733
16027,934.62,1734
12924,933.6999999999999,1735
15787,933.26,1736
13655,932.9700000000001,1737
14532,932.85,1738
18133,931.5,1739
16934,931.03,1740
17289,931.0200000000001,1741
17552,930.4099999999999,1742
17618,930.28,1743
16907,928.76,1744
14475,925.85,1745
14231,925.71,1746
17048,925.3499999999999,1747
15312,924.85,1748
13805,924.6,1749
15654,922.5300000000001,1750
13122,922.3899999999999,1751
16551,922.12,1752
13934,922.1,1753
13035,921.88,1754
14081,921.6200000000001,1755
15576,921.3699999999999,1756
13984,920.51,1757
17018,920.0999999999999,1758
12652,919.98,1759
13075,919.61,1760
16511,918.33,1761
13549,918.2,1762
15253,918.1999999999999,1763
14015,917.34,1764
14712,917.0700000000002,1765
15707,916.9799999999999,1766
17236,916.13,1767
14141,915.1300000000001,1768
16216,914.93,1769
16809,914.6899999999998,1770
15587,913.68,1771
15364,913.19,1772
14359,912.1800000000001,1773
13192,911.94,1774
14289,911.2600000000001,1775
13689,910.0,1776
13782,908.8600000000001,1777
13038,908.4599999999999,1778
17323,906.5200000000001,1779
15480,905.5,1780
15807,903.9000000000001,1781
17848,901.2,1782
16716,901.2,1782
15511,900.53,1784
12940,899.69,1785
14625,899.6299999999999,1786
15079,895.6099999999999,1787
15865,895.13,1788
15211,894.41,1789
15066,893.59,1790
12772,892.47,1791
16361,891.21,1792
13515,891.1199999999999,1793
15255,890.85,1794
14240,890.34,1795
14344,889.9300000000001,1796
17007,889.93,1797
17829,889.24,1798
17537,887.6700000000001,1799
16900,887.11,1800
14623,886.6999999999999,1801
14449,885.8,1802
15822,885.47,1803
17704,885.1899999999999,1804
15799,884.14,1805
15907,882.72,1806
18236,882.24,1807
17109,881.29,1808
13662,881.26,1809
13037,881.0699999999999,1810
15076,880.8499999999999,1811
17027,877.56,1812
15653,877.44,1813
14770,876.4200000000001,1814
15100,876.0,1815
16513,874.59,1816
16657,874.4300000000001,1817
13294,873.74,1818
15208,870.1199999999999,1819
13200,870.0899999999999,1820
13979,869.8699999999999,1821
17566,869.7700000000001,1822
12694,869.6700000000001,1823
13203,869.46,1824
17886,869.28,1825
17649,868.49,1826
14912,867.8499999999999,1827
14715,867.38,1828
16235,867.3100000000001,1829
14597,866.24,1830
16567,865.5999999999999,1831
13846,865.06,1832
12680,862.81,1833
16266,861.89,1834
16221,860.8600000000001,1835
12794,860.4100000000001,1836
13339,860.12,1837
14577,859.7099999999999,1838
14553,859.27,1839
13566,856.8399999999999,1840
16163,856.6,1841
12693,855.9100000000001,1842
17064,855.45,1843
16037,855.0199999999999,1844
12878,854.99,1845
17560,854.9499999999999,1846
16121,854.6600000000001,1847
14193,853.39,1848
13991,852.88,1849
15022,852.39,1850
12379,852.24,1851
16070,852.15,1852
16020,851.0100000000001,1853
18096,849.06,1854
12713,848.5500000000001,1855
14657,848.22,1856
16347,847.45,1857
13221,847.4100000000001,1858
16877,846.62,1859
14803,845.55,1860
12847,843.64,1861
17624,843.4799999999999,1862
17929,843.0,1863
13929,842.6499999999999,1864
16108,842.5,1865
16560,841.41,1866
14862,841.1999999999999,1867
17076,841.08,1868
14332,840.21,1869
13940,839.1399999999999,1870
17115,837.5,1871
16554,837.0999999999999,1872
15832,836.7899999999998,1873
12728,836.33,1874
16747,836.06,1875
17169,835.78,1876
13835,834.5699999999999,1877
17075,834.1200000000001,1878
16644,833.7800000000002,1879
15862,832.88,1880
14644,830.76,1881
16924,829.8900000000001,1882
13681,827.8300000000002,1883
12461,826.8799999999999,1884
12781,826.7399999999999,1885
16494,826.53,1886
12427,825.8,1887
15164,824.5800000000002,1888
16164,822.48,1889
12778,822.23,1890
13893,821.0999999999999,1891
17921,820.23,1892
17759,819.9599999999999,1893
13220,819.29,1894
16092,817.86,1895
16869,817.1200000000001,1896
16943,816.73,1897
15649,816.0,1898
15399,815.7700000000001,1899
13811,814.5,1900
18064,814.0,1901
16600,813.52,1902
16621,813.48,1903
14421,813.1099999999999,1904
16284,812.68,1905
17980,811.4499999999999,1906
16460,811.2299999999999,1907
16276,810.5999999999999,1908
16624,810.57,1909
15965,808.8700000000001,1910
14499,808.44,1911
15533,807.5699999999999,1912
12421,807.0400000000001,1913
13707,806.41,1914
12434,806.1400000000001,1915
13637,804.3000000000001,1916
18248,804.0200000000001,1917
12422,803.5600000000001,1918
15644,803.54,1919
18265,801.51,1920
17114,801.1200000000001,1921
16367,800.6700000000001,1922
15561,800.59,1923
13720,799.9,1924
17905,798.99,1925
17703,798.7400000000001,1926
13280,798.4599999999999,1927
16438,798.35,1928
13389,797.9599999999999,1929
12701,797.7099999999999,1930
13336,795.12,1931
15831,794.6399999999999,1932
15990,792.11,1933
13167,791.3299999999999,1934
14976,790.8599999999999,1935
13016,789.89,1936
16759,789.7899999999998,1937
13329,789.0,1938
14557,788.38,1939
13323,787.85,1940
13884,787.6,1941
16546,787.15,1942
13212,786.83,1943
13109,786.5400000000001,1944
12628,786.4599999999999,1945
15806,784.5799999999999,1946
18136,784.33,1947
17180,783.97,1948
16054,783.9,1949
15952,781.9100000000001,1950
17006,781.78,1951
15679,781.2800000000001,1952
13583,781.03,1953
15239,780.5899999999999,1954
17797,780.43,1955
18228,779.9,1956
12735,779.57,1957
17411,778.9399999999999,1958
13375,778.65,1959
14815,778.5,1960
17414,778.0,1961
16505,777.5999999999999,1962
13563,777.53,1963
12425,777.2,1964
15618,776.8500000000001,1965
15743,775.96,1966
13314,775.94,1967
13341,775.85,1968
16825,775.1800000000001,1969
15414,774.9,1970
16043,773.9899999999999,1971
16222,773.5500000000001,1972
15075,773.03,1973
17764,772.55,1974
17409,771.8499999999999,1975
15353,770.12,1976
14412,770.03,1977
12965,769.8100000000001,1978
16480,769.29,1979
13356,768.2400000000001,1980
14672,765.55,1981
17695,765.34,1982
14885,765.3199999999999,1983
17516,764.88,1984
17268,763.64,1985
17466,763.28,1986
16806,762.1600000000001,1987
15599,761.74,1988
14883,761.59,1989
17425,759.17,1990
16036,758.9200000000001,1991
15568,758.29,1992
16725,758.27,1993
12413,758.0999999999999,1994
16205,757.6300000000001,1995
14550,757.37,1996
16770,757.1,1997
15223,755.75,1998
13370,754.87,1999
18104,754.64,2000
14234,754.1200000000001,2001
16470,752.77,2002
13730,752.5999999999999,2003
13030,752.44,2004
16256,752.43,2005
12908,750.0,2006
17146,749.78,2007
14923,749.1,2008
15656,748.4999999999998,2009
16859,747.8100000000001,2010
14201,747.44,2011
17387,746.8100000000001,2012
14050,746.3599999999999,2013
17034,745.52,2014
13950,745.06,2015
14790,745.06,2015
13236,744.85,2017
13354,743.53,2018
16730,743.1099999999999,2019
12374,742.9300000000001,2020
16891,742.4300000000001,2021
12465,742.19,2022
14662,741.3700000000001,2023
13753,741.26,2024
13900,740.95,2025
17692,740.9399999999999,2026
15252,740.78,2027
12603,739.2,2028
14756,738.96,2029
12976,738.6,2030
17461,735.82,2031
15074,735.67,2032
15045,735.6599999999999,2033
15215,734.9399999999999,2034
15525,734.37,2035
16146,734.1299999999999,2036
17979,732.4100000000001,2037
13575,732.0700000000002,2038
16099,731.9,2039
16491,731.5,2040
14778,730.86,2041
13736,729.8,2042
12468,729.54,2043
16261,728.5400000000001,2044
17666,728.1600000000001,2045
13077,728.0200000000001,2046
13623,727.7399999999999,2047
14055,725.64,2048
16140,725.1800000000001,2049
12723,725.0699999999999,2050
15636,724.7599999999999,2051
12475,723.3800000000001,2052
17521,723.21,2053
15272,721.94,2054
14869,721.45,2055
15584,720.8599999999999,2056
18062,720.5200000000001,2057
16023,719.8100000000001,2058
15274,716.57,2059
12535,716.3499999999999,2060
15400,716.2,2061
17888,716.0,2062
17029,716.0,2062
15330,714.96,2064
15757,714.4200000000001,2065
18035,713.89,2066
12616,713.3000000000001,2067
13169,712.88,2068
13147,712.8,2069
17761,712.7799999999999,2070
13416,712.5,2071
13587,712.4,2072
17642,712.29,2073
15855,712.24,2074
13705,711.8600000000001,2075
17179,711.7900000000001,2076
13249,711.41,2077
14867,710.28,2078
16362,709.99,2079
14127,709.71,2080
16136,709.38,2081
15951,708.22,2082
16449,707.69,2083
12453,707.09,2084
16309,706.5699999999999,2085
14126,706.1299999999999,2086
16364,705.79,2087
16882,705.12,2088
16015,704.5500000000001,2089
17934,704.2499999999999,2090
12612,704.04,2091
17974,703.99,2092
12883,703.47,2093
15103,703.3599999999999,2094
16997,702.0,2095
14179,701.57,2096
14198,701.4000000000001,2097
14356,701.23,2098
13238,700.73,2099
17734,700.63,2100
17812,699.81,2101
17423,698.41,2102
14829,697.55,2103
17472,697.54,2104
15800,696.89,2105
15700,696.6800000000001,2106
14009,695.61,2107
14959,695.42,2108
17884,695.0699999999999,2109
15304,694.4000000000001,2110
12925,694.0500000000001,2111
15053,693.95,2112
14643,693.81,2113
12410,693.3300000000002,2114
13601,693.32,2115
14111,692.85,2116
17198,692.2200000000001,2117
17733,692.1899999999999,2118
14880,690.5899999999999,2119
16212,690.34,2120
17796,689.9999999999999,2121
18085,689.9499999999999,2122
13023,689.9,2123
15181,689.48,2124
17502,689.0999999999999,2125
13799,688.8599999999999,2126
16642,688.33,2127
18196,686.6299999999999,2128
12658,686.05,2129
15038,685.74,2130
16122,684.42,2131
15669,684.34,2132
17874,683.46,2133
14222,683.1700000000001,2134
15582,682.91,2135
17341,682.2900000000001,2136
18135,681.91,2137
17397,681.41,2138
12478,680.9899999999999,2139
18082,680.84,2140
13524,680.1800000000001,2141
16872,680.02,2142
15322,679.6800000000001,2143
13430,679.45,2144
14788,679.4399999999999,2145
13925,678.2500000000001,2146
13548,678.16,2147
13388,677.1000000000001,2148
13040,676.99,2149
16377,676.2,2150
15626,675.8,2151
17462,675.69,2152
15574,675.6400000000001,2153
18156,675.6399999999999,2154
12942,675.6,2155
13607,675.5100000000001,2156
13325,675.3,2157
17994,674.89,2158
13838,674.8199999999999,2159
13355,674.6999999999999,2160
13464,674.6799999999998,2161
17749,674.52,2162
13951,674.45,2163
14504,673.26,2164
13258,672.83,2165
14628,671.9600000000002,2166
12838,671.9499999999999,2167
12638,671.69,2168
12418,668.5799999999999,2169
14342,668.5600000000001,2170
13741,668.4300000000001,2171
16268,667.65,2172
15969,666.1,2173
17105,665.7800000000001,2174
13963,664.54,2175
17883,664.34,2176
16208,664.26,2177
13596,664.1099999999999,2178
15643,664.0,2179
14720,663.8100000000001,2180
13240,663.6500000000001,2181
16573,663.6100000000001,2182
16774,661.52,2183
13028,661.3199999999999,2184
14603,660.0,2185
15492,659.46,2186
13759,659.4100000000001,2187
16357,658.88,2188
14150,658.64,2189
16696,657.9,2190
14818,657.8,2191
17459,657.3,2192
15677,657.2299999999999,2193
17321,657.16,2194
16157,656.69,2195
13049,656.6800000000001,2196
16708,656.63,2197
17299,656.6100000000001,2198
16127,656.25,2199
14894,655.7500000000001,2200
14725,655.58,2201
16444,654.67,2202
14651,653.75,2203
17398,653.38,2204
18151,653.35,2205
13496,653.33,2206
18121,653.3000000000001,2207
15205,653.2399999999999,2208
15031,653.19,2209
14548,652.8,2210
17523,652.74,2211
16056,650.75,2212
15571,650.4300000000001,2213
16969,650.41,2214
17779,650.32,2215
14034,648.8899999999999,2216
16495,648.2599999999999,2217
17777,647.5600000000001,2218
17373,646.92,2219
16014,646.8299999999999,2220
16734,646.7600000000001,2221
12589,646.6800000000001,2222
14044,646.4200000000001,2223
15651,646.3,2224
14855,645.65,2225
12719,644.95,2226
17312,644.3000000000001,2227
14451,643.9000000000001,2228
16383,643.76,2229
14020,642.8,2230
13034,642.7700000000001,2231
15384,642.41,2232
17545,642.3199999999999,2233
17046,642.0200000000001,2234
15297,641.9399999999999,2235
18218,641.92,2236
12365,641.38,2237
12624,641.1299999999999,2238
13417,640.8299999999999,2239
13318,640.76,2240
12631,640.5,2241
14301,640.1400000000001,2242
15648,639.5,2243
17515,639.02,2244
18160,638.06,2245
14754,638.05,2246
14128,637.5,2247
14481,636.51,2248
14664,636.24,2249
15829,636.1400000000001,2250
15773,635.6800000000001,2251
14000,635.6599999999999,2252
16139,635.41,2253
13892,632.97,2254
14220,632.4000000000001,2255
16306,632.27,2256
18183,632.0699999999999,2257
13822,632.0,2258
14021,631.9,2259
15244,631.5699999999999,2260
17985,631.35,2261
13539,631.34,2262
16418,631.1199999999999,2263
17990,630.8399999999999,2264
13046,629.3100000000001,2265
13525,628.78,2266
14687,628.38,2267
13518,627.16,2268
15028,627.1299999999999,2269
15402,626.77,2270
14036,626.6500000000001,2271
12577,626.6000000000001,2272
13914,626.45,2273
16469,625.4200000000001,2274
16750,623.9300000000001,2275
12649,623.5099999999999,2276
15147,623.5,2277
13368,623.4,2278
16431,623.28,2279
15258,623.16,2280
17499,622.88,2281
15182,622.85,2282
17460,622.4300000000001,2283
15768,621.83,2284
18217,621.75,2285
16915,621.6800000000001,2286
17640,621.6600000000001,2287
14152,621.2900000000001,2288
13402,621.23,2289
13546,621.0900000000001,2290
16141,620.3999999999999,2291
12667,620.13,2292
13493,618.6300000000001,2293
16613,618.5899999999999,2294
13145,618.52,2295
12596,618.27,2296
16134,618.09,2297
13301,618.0899999999999,2298
14593,617.15,2299
14377,617.05,2300
16311,616.26,2301
14905,616.15,2302
14382,615.49,2303
15275,615.14,2304
16566,614.66,2305
16116,612.7800000000001,2306
18022,612.72,2307
12513,612.2899999999998,2308
18149,612.0799999999999,2309
15232,612.0600000000001,2310
15645,612.01,2311
16109,611.8800000000001,2312
16763,611.85,2313
13731,610.5899999999999,2314
12673,610.52,2315
15795,610.01,2316
14636,609.85,2317
13357,609.4000000000001,2318
16442,609.3,2319
13933,608.79,2320
12933,607.53,2321
17119,606.91,2322
16718,606.05,2323
17849,605.8000000000002,2324
14133,605.6400000000001,2325
17507,605.5799999999999,2326
13233,605.1199999999999,2327
14323,605.06,2328
17664,604.6399999999999,2329
12944,604.51,2330
16732,603.75,2331
12707,603.42,2332
16022,602.63,2333
15366,602.51,2334
12654,601.9799999999999,2335
14609,601.5600000000001,2336
16654,601.27,2337
12420,600.3900000000001,2338
18211,600.07,2339
12872,599.9700000000001,2340
12521,599.68,2341
12556,599.5600000000001,2342
14710,599.48,2343
17420,598.8299999999999,2344
15720,598.73,2345
13311,598.57,2346
16298,598.2,2347
14108,597.91,2348
14645,597.0899999999999,2349
15381,596.8499999999999,2350
14675,596.3599999999999,2351
14467,596.26,2352
18246,596.0999999999999,2353
14965,596.09,2354
13888,595.67,2355
17658,595.42,2356
14284,595.25,2357
13558,594.52,2358
16788,594.3899999999999,2359
16325,594.2400000000001,2360
13959,594.04,2361
15442,594.0,2362
12917,594.0,2362
16535,593.75,2364
18232,592.97,2365
16203,592.9,2366
14692,591.5500000000001,2367
15573,591.19,2368
13276,590.93,2369
13270,590.0,2370
13452,590.0,2370
14882,589.7,2372
16838,588.85,2373
14338,588.22,2374
15624,588.13,2375
17351,587.15,2376
17890,586.8900000000001,2377
12384,585.27,2378
13243,585.12,2379
15222,585.0,2380
16384,584.5000000000001,2381
16072,584.32,2382
14023,584.07,2383
13557,584.06,2384
15762,583.75,2385
17014,583.4300000000001,2386
12426,582.73,2387
13427,582.5999999999999,2388
12695,582.1,2389
17259,581.23,2390
18095,580.05,2391
17142,579.0,2392
13292,578.94,2393
17540,578.9000000000001,2394
16005,578.71,2395
14529,578.61,2396
12601,577.06,2397
14176,576.9,2398
16723,576.4000000000001,2399
15830,576.0,2400
15550,575.63,2401
13487,575.4,2402
14400,574.7,2403
18123,574.4399999999999,2404
15339,574.07,2405
15303,574.02,2406
12879,573.22,2407
13379,572.5600000000001,2408
13405,572.4499999999999,2409
12816,572.2,2410
13816,571.67,2411
17616,571.1999999999999,2412
15821,570.9599999999999,2413
15315,570.4999999999999,2414
13939,568.55,2415
17360,568.2400000000001,2416
13321,567.36,2417
16667,567.1800000000001,2418
18150,566.58,2419
16278,566.38,2420
16345,565.4599999999999,2421
13894,564.62,2422
15344,563.9399999999999,2423
16933,563.2299999999999,2424
14753,563.15,2425
17970,562.79,2426
14167,562.59,2427
12414,562.4100000000001,2428
16916,562.41,2429
12559,561.7099999999999,2430
13946,561.5699999999999,2431
15655,560.67,2432
13044,560.47,2433
14273,559.97,2434
16275,559.87,2435
15415,559.61,2436
16906,559.5899999999999,2437
12866,559.12,2438
17503,558.9599999999999,2439
12987,558.7,2440
13800,558.3199999999999,2441
14592,557.94,2442
13260,557.62,2443
17955,557.3,2444
16385,554.86,2445
17864,554.85,2446
14891,554.3800000000001,2447
14618,553.4399999999999,2448
15068,553.3600000000001,2449
12363,552.0,2450
17674,551.04,2451
17291,550.8,2452
17235,550.06,2453
17265,550.01,2454
12390,549.84,2455
14177,549.4599999999999,2456
16536,548.12,2457
16031,547.9,2458
14474,547.66,2459
16811,547.0699999999999,2460
17637,547.06,2461
16211,547.02,2462
17295,547.0,2463
17520,546.8100000000001,2464
14805,546.4,2465
14997,546.2,2466
17806,546.0400000000001,2467
12793,545.48,2468
16475,544.3,2469
13617,544.18,2470
13390,544.08,2471
16927,543.05,2472
13278,542.73,2473
16230,542.03,2474
17897,541.81,2475
17447,541.53,2476
17557,541.46,2477
13874,540.45,2478
12743,540.13,2479
13812,539.0,2480
14496,538.8100000000001,2481
15469,538.55,2482
15539,538.4599999999999,2483
14539,537.48,2484
16206,537.06,2485
15043,537.0,2486
16804,536.99,2487
16233,536.6800000000001,2488
16142,535.34,2489
13000,534.8499999999999,2490
13385,534.5699999999999,2491
16340,534.31,2492
13434,534.24,2493
17443,534.24,2493
13217,533.98,2495
17062,533.33,2496
15433,533.3,2497
15825,532.94,2498
12784,532.8199999999999,2499
16706,531.35,2500
14265,530.1800000000001,2501
18159,530.1500000000001,2502
14002,529.7299999999999,2503
14463,529.62,2504
16185,529.4100000000001,2505
18043,529.29,2506
15452,528.48,2507
17631,528.33,2508
16602,528.0799999999999,2509
15756,528.01,2510
12479,527.1999999999999,2511
17623,527.0500000000001,2512
15919,525.69,2513
17429,524.9200000000001,2514
15467,524.88,2515
13721,524.1399999999999,2516
17329,523.11,2517
18017,523.0,2518
17712,522.9100000000001,2519
12863,521.2,2520
15149,520.8000000000001,2521
17345,519.6899999999999,2522
14873,519.68,2523
12571,519.61,2524
13643,519.4399999999999,2525
16955,518.67,2526
16650,518.4200000000001,2527
15030,518.28,2528
18252,518.2700000000001,2529
16892,518.19,2530
16135,517.55,2531
17454,517.5300000000001,2532
18205,517.3599999999999,2533
13043,516.42,2534
15882,516.36,2535
15809,515.77,2536
12811,514.85,2537
15246,514.1500000000001,2538
13005,513.7,2539
17513,513.2,2540
17290,513.01,2541
17805,512.31,2542
17480,511.81999999999994,2543
15891,511.68,2544
12582,511.36,2545
14851,511.34999999999997,2546
16561,511.12,2547
15406,510.71000000000004,2548
12436,509.01,2549
17391,508.8,2550
15417,508.79999999999995,2551
14317,508.58000000000004,2552
17958,508.46000000000004,2553
17415,507.8399999999999,2554
14158,507.6600000000001,2555
14820,507.28999999999996,2556
16960,507.05,2557
13885,506.8,2558
16614,506.18999999999994,2559
12988,505.8200000000001,2560
14014,505.18,2561
15081,504.8,2562
12991,503.76,2563
17630,503.6,2564
15535,502.9,2565
16863,502.8,2566
13865,501.56,2567
15881,501.38999999999993,2568
14871,501.2800000000001,2569
13116,501.14,2570
13247,501.12,2571
16898,501.03000000000003,2572
16616,500.41999999999996,2573
15389,500.0,2574
14077,499.4199999999999,2575
15193,499.32,2576
14681,498.95,2577
16488,498.79999999999995,2578
15142,498.74,2579
17053,498.48,2580
17298,498.41999999999996,2581
16820,497.60999999999996,2582
17495,497.55999999999995,2583
15300,496.44,2584
15018,496.21,2585
12904,496.06,2586
17374,495.7700000000001,2587
15448,494.64,2588
16352,494.44000000000005,2589
17333,494.25000000000006,2590
12763,494.08,2591
14270,492.65000000000003,2592
13732,491.86,2593
14236,490.86000000000007,2594
15000,490.52,2595
15877,490.33000000000004,2596
14416,490.22,2597
18074,489.6,2598
12809,489.30999999999995,2599
17361,488.2,2600
14396,487.99,2601
15165,487.74999999999994,2602
16643,487.51,2603
13338,487.02000000000004,2604
13675,486.82,2605
17453,486.72,2606
15287,486.69000000000005,2607
13153,486.21999999999997,2608
12639,486.1,2609
15109,484.95000000000005,2610
16999,484.82000000000005,2611
16518,484.32,2612
13531,483.80000000000007,2613
14958,483.73,2614
12808,483.65,2615
14147,483.4,2616
14450,483.25000000000006,2617
16603,482.4699999999999,2618
17950,482.20000000000005,2619
12504,482.04999999999995,2620
18216,481.74999999999994,2621
13176,481.49,2622
14130,480.90999999999997,2623
15091,480.71000000000004,2624
15006,480.38,2625
17555,480.30999999999995,2626
16368,479.90999999999997,2627
16812,479.35,2628
16008,478.78000000000003,2629
15589,478.53,2630
16768,478.0900000000001,2631
12644,477.90999999999997,2632
16693,477.86000000000007,2633
13092,477.83,2634
14320,477.78999999999996,2635
12447,476.48999999999995,2636
18176,476.34999999999997,2637
15507,475.86,2638
14853,475.79999999999995,2639
14497,475.37,2640
15780,475.2800000000001,2641
14013,473.02,2642
16038,471.78000000000003,2643
15721,471.40000000000003,2644
13066,470.8,2645
15963,470.76,2646
14431,470.35999999999996,2647
15026,469.0,2648
15557,468.90999999999997,2649
14896,468.77,2650
13171,468.41,2651
14029,467.65999999999997,2652
15468,467.51000000000005,2653
13579,467.03999999999996,2654
16374,466.72999999999996,2655
14205,466.69999999999993,2656
16504,465.88,2657
13248,465.67999999999995,2658
16742,464.9,2659
13928,464.57000000000005,2660
16586,463.95,2661
15349,463.91,2662
14967,463.8,2663
12787,463.66,2664
17418,463.46,2665
14489,463.38,2666
17964,463.2099999999999,2667
12945,462.95000000000005,2668
14331,462.65999999999997,2669
14470,461.19,2670
16824,460.64,2671
16805,460.59000000000003,2672
12491,460.40000000000003,2673
12355,459.4,2674
16589,459.23999999999995,2675
17880,458.91999999999996,2676
15754,458.56999999999994,2677
13506,458.52000000000004,2678
15092,457.80999999999995,2679
15121,457.71999999999997,2680
12375,457.5,2681
13398,457.34,2682
12564,456.9,2683
12999,455.88,2684
14513,455.59,2685
15585,455.29999999999995,2686
16529,455.25,2687
14335,454.86,2688
15471,454.48,2689
13485,454.23999999999995,2690
17140,454.12,2691
15475,454.11,2692
17564,454.01000000000005,2693
18158,453.40000000000003,2694
12729,453.01,2695
18071,453.0,2696
14184,452.89,2697
12591,452.85,2698
16574,451.43999999999994,2699
15802,451.42,2700
14173,450.84000000000003,2701
16885,450.4100000000001,2702
17040,449.73,2703
13489,449.52,2704
12448,449.45,2705
15739,449.12,2706
17579,448.90000000000003,2707
14780,447.68,2708
15646,447.64,2709
15368,446.94,2710
14149,446.62,2711
17370,446.18,2712
17190,444.74,2713
18006,444.68,2714
14638,443.59999999999997,2715
16404,443.05,2716
18222,443.0,2717
12579,440.42,2718
14022,440.00000000000006,2719
15524,440.0,2720
18233,440.0,2720
13954,439.91999999999996,2722
16025,439.65999999999997,2723
12391,439.65999999999997,2723
13359,439.55999999999995,2725
16968,439.43000000000006,2726
13358,439.03,2727
14272,437.9599999999999,2728
12552,437.82,2729
16034,437.70000000000005,2730
12592,437.6,2731
16084,436.17999999999995,2732
15551,436.06,2733
16948,435.02,2734
15456,434.59,2735
14910,434.34999999999997,2736
14460,434.34,2737
14093,433.85999999999996,2738
12493,433.73999999999995,2739
17035,433.53,2740
16236,432.2,2741
16881,432.0,2742
12452,430.57,2743
13245,430.49999999999994,2744
12795,430.4800000000001,2745
12827,430.15,2746
16884,429.84000000000003,2747
15450,429.84000000000003,2747
15230,429.59999999999997,2749
15036,429.56000000000006,2750
15553,428.93,2751
15957,428.89000000000004,2752
13602,428.89,2753
17869,428.18000000000006,2754
15360,427.92999999999995,2755
12725,427.80000000000007,2756
12403,427.70000000000005,2757
15976,427.64,2758
12740,427.59999999999997,2759
12802,427.58,2760
15930,426.63,2761
14288,426.59999999999997,2762
15639,425.31999999999994,2763
14157,424.89000000000004,2764
16119,423.36,2765
17525,422.7,2766
13473,422.64,2767
16689,422.59999999999997,2768
18240,422.58000000000004,2769
13140,422.46999999999997,2770
16780,422.24000000000007,2771
18106,421.9,2772
14757,420.5,2773
15206,420.29999999999995,2774
15889,420.07000000000005,2775
14124,419.58,2776
15361,418.91999999999996,2777
18034,418.67999999999995,2778
17371,418.4000000000001,2779
12593,418.09999999999997,2780
17701,417.95,2781
17232,417.77,2782
13615,417.69,2783
16737,417.6,2784
12833,417.38,2785
17392,417.27000000000004,2786
13166,417.2,2787
16816,417.06,2788
13889,416.9,2789
17223,416.89,2790
15935,416.86000000000007,2791
16957,416.64,2792
13085,416.0800000000001,2793
14139,415.82000000000005,2794
15803,415.81999999999994,2795
12930,415.79999999999995,2796
12580,415.7,2797
15725,415.25,2798
14333,415.20000000000005,2799
18001,415.13,2800
16795,414.88,2801
14998,414.8699999999999,2802
12993,414.76000000000005,2803
15994,414.27,2804
16239,414.2,2805
17483,414.04,2806
13974,413.59,2807
16834,413.46000000000004,2808
17134,413.2,2809
14620,412.78,2810
15523,412.01,2811
16272,411.70000000000005,2812
15186,411.40999999999997,2813
15099,410.48,2814
15695,409.97999999999996,2815
14048,409.93,2816
13827,409.8,2817
14348,409.56999999999994,2818
12990,409.5,2819
15225,409.40000000000003,2820
16243,409.09999999999997,2821
16018,408.9,2822
15269,408.8,2823
17913,408.65,2824
16629,408.63000000000005,2825
16324,408.5899999999999,2826
17931,408.36,2827
16399,408.02,2828
15127,406.53000000000003,2829
16947,406.47999999999996,2830
15342,406.09000000000003,2831
14616,406.08000000000004,2832
12970,405.47,2833
12922,405.38,2834
15012,405.04,2835
15938,404.58,2836
16319,404.40000000000003,2837
16484,404.3,2838
12498,403.70000000000005,2839
17431,403.3,2840
15221,403.25000000000006,2841
18036,403.12,2842
15184,402.2,2843
12386,401.9,2844
15158,401.4,2845
16500,400.86,2846
16198,400.68,2847
12792,400.54,2848
17375,400.0999999999999,2849
18164,399.6500000000001,2850
13255,399.51,2851
18154,399.18999999999994,2852
17052,399.09,2853
17830,398.7,2854
15522,397.98999999999995,2855
13352,397.98,2856
12508,397.88,2857
15967,397.67999999999995,2858
15429,397.34999999999997,2859
17926,397.28999999999996,2860
12824,397.12000000000006,2861
13594,396.96999999999997,2862
17486,396.87,2863
15883,396.47999999999996,2864
18067,396.33000000000004,2865
16354,395.8,2866
17603,394.72,2867
14619,394.43999999999994,2868
16207,394.38,2869
15386,394.13999999999993,2870
15264,393.7399999999999,2871
15345,393.53999999999996,2872
17226,393.49000000000007,2873
14600,393.3300000000001,2874
14670,392.86,2875
16010,392.40000000000003,2876
15837,391.97999999999996,2877
16917,391.52,2878
12982,390.53999999999996,2879
18024,389.7799999999999,2880
17379,389.72,2881
14752,389.64,2882
13873,389.6,2883
13345,389.5,2884
16250,389.43999999999994,2885
15847,389.27,2886
12690,389.01,2887
15592,388.5799999999999,2888
13899,388.5199999999999,2889
13856,388.5,2890
17438,388.44999999999993,2891
14538,388.25,2892
17817,387.68,2893
14420,387.5199999999999,2894
13673,387.44000000000005,2895
17508,387.31,2896
17595,386.69,2897
14114,386.53,2898
15664,386.43,2899
17614,386.32000000000005,2900
14779,386.15,2901
13821,385.64000000000004,2902
17711,385.1,2903
13919,384.81,2904
17357,384.39,2905
16204,384.18,2906
17205,384.08,2907
16982,384.06000000000006,2908
12733,383.95,2909
13833,383.84999999999997,2910
17189,383.75,2911
12515,383.7,2912
15440,383.68,2913
14304,383.45,2914
15424,383.34000000000003,2915
12832,383.03000000000003,2916
13817,382.97999999999996,2917
17239,382.5,2918
13657,382.14,2919
17250,381.97,2920
15090,381.32000000000005,2921
16441,381.20000000000005,2922
15048,381.0,2923
12871,380.64,2924
17573,380.6,2925
17138,380.5,2926
17999,380.39,2927
17031,380.35,2928
17936,380.13000000000005,2929
14731,380.02000000000004,2930
16552,379.72999999999996,2931
13656,379.65000000000003,2932
13589,379.65,2933
17878,379.45,2934
15885,379.35,2935
16909,379.14,2936
16930,378.89,2937
13372,378.64000000000004,2938
17078,378.20000000000005,2939
17736,377.44,2940
12890,376.71999999999997,2941
17489,376.64,2942
13936,376.58,2943
16858,375.69000000000005,2944
14448,375.35,2945
14079,375.1,2946
16147,375.0,2947
14067,374.7,2948
17492,374.57000000000005,2949
12873,374.0,2950
13351,373.93999999999994,2951
16321,373.65000000000003,2952
12895,372.8,2953
12544,372.7,2954
12981,372.21999999999997,2955
13300,371.88999999999993,2956
18155,371.62,2957
15472,371.55999999999995,2958
16776,371.54,2959
14950,371.2,2960
15975,371.01,2961
15063,370.8,2962
15922,369.5,2963
16758,369.34000000000003,2964
14888,369.2,2965
17765,367.63,2966
16065,367.14,2967
18181,366.8500000000001,2968
17911,366.23,2969
17432,365.76,2970
16499,365.45,2971
16202,365.27,2972
14886,364.80000000000007,2973
15949,364.71999999999997,2974
12373,364.6,2975
15343,364.5,2976
14528,364.22,2977
12538,363.95,2978
17330,363.90000000000003,2979
14171,363.79,2980
16509,363.69999999999993,2981
12915,363.65,2982
18056,363.65,2982
16485,363.65,2982
14932,363.53000000000003,2985
14427,363.34,2986
14594,363.33,2987
16903,363.2,2988
16378,362.95,2989
16052,362.06,2990
15025,361.96000000000004,2991
13844,361.62,2992
16769,361.54,2993
16305,361.21999999999997,2994
13291,361.11,2995
17358,360.80999999999995,2996
16595,360.15999999999997,2997
13780,360.01,2998
13298,360.0,2999
15120,358.82,3000
17948,358.56,3001
16823,358.37999999999994,3002
13228,358.0,3003
13976,357.98,3004
17025,357.77000000000004,3005
16971,357.21,3006
18040,357.20000000000005,3007
13453,356.98,3008
14500,356.85,3009
15713,356.70000000000005,3010
15247,356.0,3011
16372,355.73,3012
15840,355.56,3013
14537,355.55999999999995,3014
17742,355.10999999999996,3015
14690,355.05,3016
12888,354.12,3017
12845,354.09,3018
13173,353.65,3019
13210,353.47999999999996,3020
13343,353.43,3021
14804,353.27000000000004,3022
12617,352.97999999999996,3023
15678,352.7,3024
18112,352.69000000000005,3025
16274,351.75000000000006,3026
15901,351.72999999999996,3027
12566,351.65,3028
15870,351.44,3029
15789,351.29999999999995,3030
13923,351.13,3031
13332,350.9,3032
15334,350.82,3033
13740,350.75,3034
13108,350.06,3035
12532,349.83,3036
13670,349.7,3037
13887,349.55,3038
18250,349.27,3039
15405,349.1,3040
13927,348.98999999999995,3041
17252,348.91,3042
13790,348.7999999999999,3043
12527,348.7099999999999,3044
16159,348.19999999999993,3045
13052,348.15,3046
14379,348.1,3047
13497,348.05,3048
17668,347.75,3049
18127,347.08000000000004,3050
13062,346.98,3051
13649,346.6,3052
16423,346.12,3053
13091,345.82000000000005,3054
15781,345.46,3055
17123,345.3,3056
13774,345.0,3057
14633,344.9,3058
16978,344.33000000000004,3059
17569,344.14,3060
13068,344.0,3061
15047,343.62,3062
15520,343.5,3063
18081,343.45000000000005,3064
12715,343.36,3065
12875,343.23,3066
17795,342.83,3067
16851,342.45000000000005,3068
17835,342.24,3069
16826,341.7,3070
13347,341.36,3071
14491,340.93000000000006,3072
15115,340.11,3073
13737,339.6,3074
17045,339.44,3075
16545,339.3,3076
17697,338.95,3077
16183,338.71000000000004,3078
13569,338.61999999999995,3079
15652,337.74,3080
15942,337.44,3081
13930,337.34,3082
15900,337.28000000000003,3083
17973,337.04,3084
16105,336.96000000000004,3085
17384,336.4,3086
15619,336.4,3086
18078,336.13,3088
18276,335.85999999999996,3089
14196,335.52,3090
16063,335.32,3091
17917,335.03,3092
12489,334.93,3093
14988,334.54,3094
15466,334.53000000000003,3095
17221,334.48,3096
12350,334.4,3097
15918,334.23,3098
14264,333.97,3099
13216,333.74,3100
13727,333.48,3101
16625,333.08,3102
14902,332.65999999999997,3103
13904,332.63999999999993,3104
16850,332.40999999999997,3105
16803,332.29999999999995,3106
16177,331.95000000000005,3107
16030,331.24,3108
15210,331.18000000000006,3109
16478,331.0,3110
12891,331.0,3110
17862,330.9,3112
12519,330.84000000000003,3113
13706,330.78999999999996,3114
14517,330.45000000000005,3115
15130,330.10999999999996,3116
15714,330.03000000000003,3117
16593,330.03,3118
12953,329.85,3119
17866,329.65000000000003,3120
17615,329.59999999999997,3121
13239,329.56,3122
17914,329.35999999999996,3123
17154,329.34,3124
15153,329.25,3125
15880,329.03,3126
14012,328.8,3127
17222,328.65000000000003,3128
16343,328.58,3129
16855,328.4,3130
15213,328.34999999999997,3131
14747,328.2,3132
14206,328.15999999999997,3133
16318,328.15000000000003,3134
15314,327.97,3135
14024,327.7,3136
15579,327.59999999999997,3137
16366,327.29999999999995,3138
14870,327.25,3139
16322,326.75,3140
14987,326.4,3141
17715,326.4,3141
16071,326.23999999999995,3143
15363,326.0,3144
12844,325.96000000000004,3145
16830,325.91,3146
14850,325.75,3147
15944,325.09999999999997,3148
12790,324.91999999999996,3149
13801,324.79999999999995,3150
15597,324.57000000000005,3151
18261,324.24,3152
16685,324.24,3152
15675,323.69,3154
15921,323.03000000000003,3155
16739,323.0,3156
13955,322.96,3157
16627,322.79999999999995,3158
16342,322.41,3159
15224,322.08,3160
14424,322.08,3160
14484,321.91999999999996,3162
17976,321.79,3163
14823,321.43,3164
15236,321.05,3165
16096,320.62,3166
14622,320.58,3167
13986,320.46,3168
15107,319.5,3169
16967,319.02,3170
17157,319.0,3171
17229,318.76,3172
17248,318.65,3173
14703,318.17,3174
17839,318.15,3175
12648,318.05,3176
18066,318.0,3177
17172,317.76,3178
15101,317.53,3179
17267,317.2,3180
15257,317.15,3181
15385,316.87999999999994,3182
15243,316.68,3183
16761,316.62,3184
15204,316.58,3185
17458,316.5,3186
13494,316.26000000000005,3187
14479,316.25,3188
15872,316.25,3188
16473,316.11,3190
18117,315.65,3191
12614,315.59999999999997,3192
16091,315.06000000000006,3193
15766,315.05999999999995,3194
17237,314.69000000000005,3195
16193,314.45,3196
12650,314.44,3197
16227,314.22,3198
15970,314.09999999999997,3199
13484,313.8,3200
16582,313.61999999999995,3201
14729,313.48999999999995,3202
13845,312.98,3203
15318,312.62,3204
14555,312.53999999999996,3205
12834,312.38,3206
13642,312.28,3207
17362,312.23,3208
12785,311.95,3209
16450,311.92,3210
14142,311.81000000000006,3211
15326,311.71000000000004,3212
14951,311.69000000000005,3213
14327,311.65000000000003,3214
12852,311.54999999999995,3215
13990,311.3,3216
17854,311.26,3217
16781,311.25000000000006,3218
13897,311.16,3219
15185,310.62,3220
15308,310.46999999999997,3221
14311,310.26,3222
17912,310.06,3223
14924,310.05,3224
15661,309.8,3225
15699,309.65000000000003,3226
16810,309.53999999999996,3227
14339,309.52,3228
14847,309.4,3229
17604,309.36,3230
12884,309.05,3231
13787,309.04,3232
15010,308.93999999999994,3233
16956,308.74,3234
13699,308.58000000000004,3235
17510,308.47999999999996,3236
13369,308.28,3237
13466,307.9,3238
15973,307.81999999999994,3239
16123,307.78,3240
13529,307.76,3241
13395,307.71999999999997,3242
13060,307.53000000000003,3243
14716,307.51000000000005,3244
14915,307.48,3245
17120,307.46,3246
13932,307.4,3247
13142,307.09,3248
17334,307.02,3249
15087,306.93999999999994,3250
16668,306.72,3251
13762,306.71999999999997,3252
13718,306.54999999999995,3253
18059,306.46000000000004,3254
15659,306.45,3255
17176,306.13,3256
13863,305.78,3257
15219,305.75,3258
16796,305.61999999999995,3259
16181,305.54,3260
13045,305.28000000000003,3261
18220,305.28,3262
12623,305.09999999999997,3263
17941,304.56,3264
15163,304.47,3265
16217,304.25,3266
18185,304.25,3266
16674,304.24000000000007,3268
17070,304.24,3269
17732,303.96999999999997,3270
16400,303.93,3271
13083,303.75,3272
17433,303.15999999999997,3273
16425,302.7,3274
14248,302.58,3275
16386,302.57,3276
18165,302.46000000000004,3277
16292,302.25,3278
17506,302.2,3279
15054,302.1,3280
17094,302.0,3281
16297,301.9,3282
16715,301.72,3283
15667,301.32000000000005,3284
15148,301.29,3285
15623,301.03,3286
13479,300.95000000000005,3287
17978,300.91999999999996,3288
16430,300.85,3289
16479,300.83000000000004,3290
14762,300.52,3291
13304,300.42,3292
15254,300.35999999999996,3293
17793,300.34,3294
13745,300.03999999999996,3295
18053,300.02000000000004,3296
18215,299.34000000000003,3297
13667,299.04999999999995,3298
15609,298.48,3299
17824,298.4,3300
16104,298.21000000000004,3301
17678,298.11,3302
12881,298.0,3303
15857,297.0,3304
17531,296.7,3305
13441,296.64,3306
17266,296.58,3307
13751,296.25,3308
13504,295.92999999999995,3309
16998,295.0,3310
14954,294.85,3311
15060,294.25,3312
17124,294.24000000000007,3313
15732,294.12,3314
16402,293.45,3315
17163,293.09999999999997,3316
12829,293.00000000000006,3317
16721,292.47,3318
14985,292.01,3319
13502,292.0,3320
13449,291.88,3321
17255,291.48,3322
14656,291.05,3323
14947,290.81999999999994,3324
16648,290.65999999999997,3325
15279,290.51,3326
17691,290.4,3327
16526,290.36,3328
17551,290.34000000000003,3329
13573,290.25,3330
14784,289.99,3331
17464,289.96000000000004,3332
17201,289.78000000000003,3333
16897,289.78,3334
14162,289.35999999999996,3335
16125,289.35,3336
14549,289.24,3337
15545,288.97,3338
17081,288.91,3339
17501,288.6,3340
16808,288.42,3341
15396,288.18,3342
17977,288.14,3343
17080,287.62,3344
17760,287.59000000000003,3345
16432,287.4,3346
13760,286.78999999999996,3347
16555,285.89,3348
14660,285.74,3349
14953,285.67,3350
17636,285.56,3351
13708,285.33000000000004,3352
16429,284.55,3353
18190,284.46000000000004,3354
13121,283.73,3355
13439,283.71000000000004,3356
12703,283.55,3357
17783,283.47,3358
13259,283.18,3359
18270,283.15,3360
17694,283.12,3361
14350,282.93,3362
13754,282.6,3363
13177,282.45,3364
16557,281.85,3365
16848,281.42,3366
14242,280.55,3367
16149,280.52000000000004,3368
17247,280.09000000000003,3369
14975,279.94,3370
15556,279.77000000000004,3371
14480,279.05,3372
14764,278.3,3373
14908,277.8,3374
13803,277.07000000000005,3375
15355,277.04999999999995,3376
13606,276.75000000000006,3377
13272,276.56,3378
13544,276.06,3379
12750,275.88,3380
14512,275.28,3381
16313,274.15000000000003,3382
16883,272.48,3383
17498,272.22,3384
14819,272.07,3385
13917,272.03999999999996,3386
14816,271.85,3387
13058,271.4,3388
17767,271.20000000000005,3389
17254,271.19,3390
17496,271.05,3391
18108,271.0,3392
17011,270.9,3393
15774,270.8,3394
14520,270.6,3395
13242,270.40000000000003,3396
12558,269.96,3397
17251,269.83000000000004,3398
13533,269.09,3399
14727,268.58,3400
14508,268.04999999999995,3401
15408,267.17999999999995,3402
17550,267.15999999999997,3403
15320,267.13,3404
15517,267.03,3405
16451,266.96999999999997,3406
17786,266.84999999999997,3407
14863,266.76,3408
13837,266.59,3409
15119,266.4,3410
12962,266.39,3411
14068,265.85,3412
17430,265.76,3413
14423,265.2,3414
17968,265.1,3415
13973,264.7,3416
15912,264.62,3417
17403,263.92,3418
17708,263.33,3419
12492,263.21000000000004,3420
17194,262.62,3421
16413,262.2,3422
16936,261.90000000000003,3423
13189,260.68,3424
14053,260.25,3425
15143,259.45,3426
13127,259.16999999999996,3427
14452,259.05,3428
15577,258.88,3429
13277,258.4,3430
15894,258.25,3431
13227,257.7,3432
15014,257.67,3433
13626,257.22999999999996,3434
16048,256.44,3435
12430,256.4,3436
13806,256.38,3437
16727,256.32000000000005,3438
17896,256.32,3439
17385,256.11,3440
16447,255.91000000000003,3441
15277,255.9,3442
14761,255.89999999999998,3443
14881,255.4,3444
16226,255.11999999999998,3445
15261,254.82,3446
15154,254.28,3447
12604,254.18,3448
14765,254.10999999999996,3449
15689,254.10000000000002,3450
12797,254.02999999999997,3451
15759,253.04000000000002,3452
15019,252.81,3453
15035,252.73,3454
13404,252.49,3455
15346,252.42,3456
13645,252.10000000000002,3457
13711,252.06,3458
16330,251.91,3459
16836,251.87,3460
17155,251.7,3461
16976,251.51999999999998,3462
13512,251.21,3463
14501,251.20999999999998,3464
16024,251.03000000000003,3465
13207,250.26000000000002,3466
16596,250.14999999999998,3467
17303,250.04,3468
15510,250.0,3469
17456,249.86,3470
16124,249.0,3471
13061,248.61,3472
16510,248.10000000000002,3473
15097,248.07999999999998,3474
13592,247.96,3475
18072,247.44,3476
18009,247.39,3477
13349,247.32,3478
14658,247.15,3479
15783,246.3,3480
17278,246.04000000000002,3481
16778,245.94,3482
17771,245.80999999999997,3483
12660,245.10000000000002,3484
15118,244.8,3485
16528,244.41000000000003,3486
17892,244.09999999999994,3487
17925,244.08,3488
13103,243.94,3489
16793,243.84000000000003,3490
18193,243.76,3491
13886,243.56,3492
15634,243.55,3493
17339,243.36,3494
16601,242.7,3495
16215,242.35,3496
15776,241.62,3497
14523,241.09,3498
16427,241.06,3499
17051,240.88999999999993,3500
15598,240.68,3501
15286,240.55,3502
13565,240.22,3503
17256,240.00000000000003,3504
17181,239.92,3505
15690,239.76,3506
13570,239.49,3507
17684,239.40999999999997,3508
16756,239.39999999999998,3509
12561,238.85,3510
12718,238.25,3511
17877,237.60999999999999,3512
14586,237.35999999999996,3513
15457,237.07000000000002,3514
12732,236.26,3515
16026,236.09,3516
14647,236.04,3517
13187,236.01999999999998,3518
14375,235.56,3519
15850,234.88,3520
15462,234.60000000000002,3521
14473,234.34,3522
17060,234.24,3523
16961,234.17000000000002,3524
12736,234.0,3525
13348,233.76,3526
16583,233.45,3527
16302,233.22000000000003,3528
13678,232.6,3529
18213,232.48,3530
16117,232.21,3531
17908,232.02999999999997,3532
14995,231.97999999999996,3533
15393,231.85999999999999,3534
17111,231.61,3535
16641,231.10000000000002,3536
18030,230.65,3537
16445,230.51,3538
17125,230.50000000000003,3539
13786,230.4,3540
16926,230.25,3541
13960,230.21999999999997,3542
12812,229.64,3543
13008,229.47,3544
15528,229.33,3545
14793,228.98999999999998,3546
17347,228.96,3547
13146,228.91000000000003,3548
13712,228.84,3549
13070,228.8,3550
17969,228.2,3551
16527,228.06,3552
14569,227.39000000000004,3553
17212,226.85,3554
13474,226.83999999999997,3555
17572,226.75,3556
18005,226.47000000000003,3557
17860,226.45000000000002,3558
16315,226.37,3559
16619,226.21,3560
12672,225.9,3561
17789,225.89999999999998,3562
14624,225.85,3563
12402,225.60000000000002,3564
16690,225.58,3565
14052,225.35999999999999,3566
15483,225.26000000000002,3567
16587,225.15,3568
14357,225.12,3569
17171,224.91000000000003,3570
15175,224.14000000000001,3571
16471,223.94999999999996,3572
16753,223.92000000000002,3573
14929,223.88,3574
13926,223.85,3575
15637,223.36,3576
17534,223.35999999999999,3577
13382,222.99000000000004,3578
16777,222.61999999999998,3579
18101,222.39999999999998,3580
14598,221.96999999999997,3581
14960,221.27,3582
13419,221.06,3583
16482,220.62000000000003,3584
18114,220.10000000000002,3585
13079,220.10000000000002,3585
13600,219.52,3587
15096,219.39,3588
12702,219.0,3589
15790,218.75,3590
13669,218.55,3591
12574,218.45,3592
15724,218.24999999999997,3593
14570,218.06,3594
16634,217.9,3595
16392,217.89,3596
15554,217.20000000000002,3597
16080,217.16,3598
13739,216.89999999999998,3599
13503,216.84999999999997,3600
12897,216.5,3601
15604,216.39000000000001,3602
17436,216.30000000000004,3603
14104,216.20999999999998,3604
13858,216.17,3605
18212,216.07,3606
16179,215.82999999999998,3607
17580,215.72,3608
16189,215.48000000000002,3609
16519,215.07999999999998,3610
16190,215.07999999999998,3610
12831,215.04999999999998,3612
12588,214.90000000000003,3613
16338,214.8,3614
17619,214.37,3615
16846,214.32000000000002,3616
15460,214.26,3617
16647,214.06,3618
14601,213.96,3619
13621,213.85000000000002,3620
17153,213.78000000000003,3621
14241,213.7,3622
13411,213.54999999999998,3623
16591,213.50000000000003,3624
15540,213.3,3625
17928,212.54,3626
15866,211.89,3627
16017,211.88,3628
16356,211.77,3629
16411,211.7,3630
15703,211.5,3631
13271,211.48999999999995,3632
12995,211.32,3633
13532,210.30999999999997,3634
13828,209.49,3635
17855,208.97,3636
15327,208.75,3637
17514,208.65,3638
15897,208.59,3639
16457,208.36,3640
12547,207.8,3641
18191,207.79999999999998,3642
16866,207.74,3643
15052,207.73,3644
16752,207.5,3645
17923,207.5,3645
16323,207.5,3645
13099,207.36,3648
15925,207.15000000000003,3649
15820,206.98,3650
17166,206.34,3651
14964,206.20999999999998,3652
13065,205.86,3653
17670,205.70000000000002,3654
17843,205.47999999999996,3655
15307,205.3,3656
15758,205.25,3657
13513,205.1,3658
15319,204.50000000000003,3659
17206,204.24,3660
13017,204.0,3661
18273,204.0,3661
17187,203.95,3663
17394,203.86999999999998,3664
17891,203.85999999999996,3665
17376,203.2,3666
14381,202.67999999999998,3667
18169,202.65,3668
14984,202.37,3669
16895,202.26999999999998,3670
14385,202.10999999999999,3671
13428,201.77999999999997,3672
15347,201.6,3673
17889,201.37,3674
13295,201.2,3675
16965,201.19000000000003,3676
13284,201.19,3677
13859,201.16,3678
17988,201.12,3679
18126,200.92000000000002,3680
17693,200.47,3681
13262,200.29,3682
16415,200.27,3683
15437,200.16,3684
13980,200.14,3685
14782,200.1,3686
13723,199.85000000000002,3687
15593,199.8,3688
13322,199.47999999999996,3689
16832,199.14999999999998,3690
18110,198.79999999999998,3691
17987,198.57,3692
16178,197.9,3693
12450,197.88000000000002,3694
12581,197.71,3695
14185,197.65,3696
14789,197.64,3697
16829,197.22000000000003,3698
15234,197.00000000000003,3699
12586,196.94,3700
13436,196.89,3701
15746,196.88,3702
13978,196.79,3703
16112,195.73999999999998,3704
13792,195.55,3705
17010,195.35999999999999,3706
14666,195.25,3707
15612,195.15,3708
17475,194.36999999999998,3709
15683,193.75,3710
17343,193.64000000000001,3711
15198,193.64,3712
16847,193.44,3713
17383,193.39000000000001,3714
14806,193.39,3715
14476,193.0,3716
12522,192.72,3717
14768,192.60000000000002,3718
12791,192.6,3719
16887,192.33,3720
17608,191.99,3721
14100,191.95,3722
15909,191.94,3723
14087,191.46999999999997,3724
15692,191.04000000000002,3725
17233,190.88,3726
15723,190.7,3727
13033,190.55,3728
15412,190.52999999999997,3729
13972,190.24999999999997,3730
12361,189.9,3731
13826,189.5,3732
13663,189.47,3733
14801,189.34,3734
14830,188.88,3735
14697,188.61,3736
17781,188.01999999999995,3737
17279,187.82999999999998,3738
18013,187.29000000000002,3739
13568,187.05,3740
17440,186.42,3741
13672,186.39,3742
14551,186.23000000000002,3743
15567,186.01,3744
12641,185.9,3745
17574,185.65,3746
14199,185.39999999999998,3747
16097,185.04999999999998,3748
13482,184.64000000000001,3749
17680,184.4,3750
16433,184.26,3751
15124,184.19,3752
14326,183.85,3753
16914,183.76000000000002,3754
16680,183.70000000000002,3755
14059,183.60000000000002,3756
13460,183.44,3757
13059,183.40000000000003,3758
14966,183.02000000000004,3759
16448,182.99,3760
14082,182.25,3761
16594,181.08999999999997,3762
15886,181.08999999999997,3762
17904,181.07,3764
15945,181.0,3765
16835,180.85,3766
18119,180.7,3767
18280,180.60000000000002,3768
13710,180.48000000000002,3769
14722,180.42000000000002,3770
12622,180.1,3771
15041,179.93,3772
18147,179.34,3773
15895,179.17,3774
15454,179.1,3775
14705,179.0,3776
16990,179.0,3776
15139,178.96,3778
16620,178.95999999999998,3779
15262,178.95,3780
17660,178.75,3781
13778,178.7,3782
17879,178.52000000000004,3783
15292,178.39,3784
18045,178.34,3785
17253,178.26,3786
17356,178.22,3787
18282,178.04999999999998,3788
16403,177.5,3789
13618,177.33999999999997,3790
12618,177.31,3791
13072,177.14999999999998,3792
17947,176.68,3793
14287,176.63,3794
12893,176.54999999999998,3795
12509,176.5,3796
18274,175.92000000000002,3797
17582,175.27,3798
16144,175.2,3799
17331,175.2,3799
18010,174.79999999999998,3801
14355,174.4,3802
14518,174.37,3803
18278,173.89999999999998,3804
16861,173.76,3805
14798,173.73999999999998,3806
16565,173.7,3807
12441,173.55,3808
17772,173.45,3809
15565,173.15999999999997,3810
15670,173.05,3811
14693,172.9,3812
12923,172.82000000000002,3813
18048,172.29,3814
13922,172.25,3815
13690,172.24999999999997,3816
12442,172.06,3817
16773,171.59,3818
17245,171.45000000000002,3819
13560,171.42000000000002,3820
15432,171.19,3821
14536,170.95,3822
17542,170.75,3823
14860,170.32,3824
15335,170.22,3825
18058,170.15999999999997,3826
15016,170.04,3827
13962,169.55,3828
14218,169.48,3829
12367,168.9,3830
14578,168.63,3831
18269,168.6,3832
18099,168.31,3833
15888,168.31,3833
16282,168.3,3835
17737,168.23999999999998,3836
15986,168.12,3837
12551,168.0,3838
15374,168.0,3838
16952,167.61,3840
17367,167.55,3841
15920,167.5,3842
16405,167.25,3843
14295,166.2,3844
17650,166.08,3845
12817,166.04,3846
18088,166.03,3847
17561,165.12,3848
18042,165.05,3849
13470,165.0,3850
15316,165.0,3850
15904,164.68000000000004,3852
17535,164.39999999999998,3853
13603,164.34,3854
14552,164.22,3855
14354,163.62,3856
17110,163.3,3857
17301,163.23999999999998,3858
13223,163.2,3859
14485,162.8,3860
12920,162.78000000000003,3861
16517,162.7,3862
15733,162.3,3863
18014,162.22,3864
15325,161.74,3865
17600,161.67000000000002,3866
15458,161.64000000000001,3867
16113,161.38,3868
14237,161.0,3869
13229,160.95,3870
15852,160.70999999999998,3871
12573,160.54000000000002,3872
18203,160.41999999999996,3873
18146,160.35000000000002,3874
14714,160.18999999999997,3875
12966,160.18,3876
13598,160.04,3877
13420,159.85,3878
16213,159.0,3879
18224,158.95,3880
13937,158.85,3881
15167,158.8,3882
14089,158.75,3883
17165,158.67999999999998,3884
15160,158.16,3885
15348,158.04,3886
18004,157.92,3887
17556,157.89999999999998,3888
14799,157.7,3889
17344,157.62,3890
14148,157.2,3891
17128,157.08999999999997,3892
14585,157.04999999999998,3893
17118,157.01999999999998,3894
15007,156.91,3895
15988,156.78,3896
14406,156.75,3897
15438,156.57999999999998,3898
15263,156.51,3899
17885,156.34,3900
13898,155.93,3901
17871,155.9,3902
17832,155.37,3903
12738,155.35,3904
15447,155.17,3905
13809,155.05,3906
14368,155.0,3907
14046,154.99,3908
17698,154.95,3909
15740,154.88,3910
17026,154.82999999999998,3911
17899,154.54999999999998,3912
15226,154.41,3913
16406,154.35,3914
16921,154.18,3915
17517,153.94,3916
16351,153.9,3917
12602,153.12,3918
17714,153.0,3919
16720,152.95000000000002,3920
16248,152.94,3921
14813,152.88,3922
17984,152.68,3923
18138,152.65,3924
14066,152.55,3925
17707,152.4,3926
13514,152.20000000000002,3927
14039,152.2,3928
17898,152.06,3929
16617,151.85000000000002,3930
14208,151.73999999999998,3931
14362,151.50000000000003,3932
13462,151.5,3933
17286,151.37,3934
13697,151.3,3935
16337,151.05,3936
14073,151.04000000000002,3937
14204,150.60999999999999,3938
18200,150.34999999999997,3939
15717,150.3,3940
16932,150.23000000000002,3941
17234,149.89,3942
15869,149.64,3943
17946,149.57999999999998,3944
18262,149.48,3945
15435,149.28999999999996,3946
13003,149.05,3947
17549,148.86,3948
15526,148.44,3949
14968,147.59,3950
14098,147.35000000000002,3951
14037,147.19999999999996,3952
12864,147.12,3953
17030,146.87,3954
14238,146.85000000000002,3955
16893,145.92999999999998,3956
12565,145.92,3957
17935,145.79,3958
13866,145.67,3959
15937,145.35000000000002,3960
16598,145.04999999999998,3961
17524,145.0,3962
16852,144.91000000000003,3963
12974,144.8,3964
15748,144.36,3965
14109,144.2,3966
12587,144.0,3967
17186,144.0,3967
17578,143.45999999999998,3969
15705,143.10000000000002,3970
16461,142.92,3971
13299,142.5,3972
16287,142.5,3972
14386,142.4,3974
13584,142.39999999999998,3975
17859,141.92000000000002,3976
13561,141.86,3977
14041,141.41,3978
15503,141.04000000000002,3979
15388,140.54,3980
13483,140.34,3981
14494,139.56,3982
16483,139.35,3983
17718,139.35,3983
14772,139.26,3985
18209,139.1,3986
15135,139.05,3987
13273,138.98,3988
12902,138.68,3989
14581,138.6,3990
17122,138.32,3991
13716,138.28,3992
15663,138.14,3993
16050,137.9,3994
13279,137.75,3995
17709,137.45,3996
15836,137.37,3997
14483,137.1,3998
17468,137.0,3999
15691,136.8,4000
14247,136.76999999999998,4001
16462,136.0,4002
16412,135.99,4003
12968,135.95,4004
15042,135.93,4005
14889,135.9,4006
15419,135.86,4007
15174,135.75,4008
16114,135.75,4008
16665,135.4,4010
17972,135.19,4011
13364,134.96,4012
16055,134.8,4013
14340,134.7,4014
15562,134.55,4015
14174,134.45999999999998,4016
12837,134.1,4017
14280,134.04000000000002,4018
16424,133.56,4019
14349,133.5,4020
12445,133.4,4021
17881,133.35,4022
15709,133.25,4023
17647,133.06,4024
12512,132.18,4025
17785,131.94,4026
14438,131.9,4027
12851,131.81,4028
17455,131.7,4029
14795,131.45000000000002,4030
15844,130.73999999999998,4031
16679,129.75,4032
16611,129.49,4033
16623,129.45000000000002,4034
15276,128.62999999999997,4035
16828,128.5,4036
17297,128.18,4037
17359,127.85999999999999,4038
15543,127.85999999999999,4038
13781,127.84,4040
15578,127.1,4041
15923,127.08,4042
14962,126.7,4043
16414,126.25,4044
15463,126.14000000000001,4045
16988,126.12,4046
12814,125.92,4047
13522,125.80000000000001,4048
14861,125.78999999999999,4049
14890,125.65,4050
15017,125.58000000000001,4051
12531,125.22,4052
17148,124.88,4053
16849,124.57000000000001,4054
16569,124.2,4055
14495,123.8,4056
16658,123.23999999999998,4057
15917,123.1,4058
13519,122.74999999999999,4059
13876,122.69999999999999,4060
13638,122.64,4061
16073,122.4,4062
18018,122.14000000000001,4063
13244,121.74,4064
13182,121.18,4065
15049,121.17,4066
14413,121.05,4067
15512,120.99999999999999,4068
13002,120.95,4069
17446,120.9,4070
14165,120.44,4071
18015,120.02999999999999,4072
14314,120.0,4073
14259,120.0,4073
14453,119.92999999999999,4075
16542,119.62,4076
15266,119.3,4077
16666,118.98,4078
15843,118.95,4079
17079,118.8,4080
14155,118.75,4081
14076,118.67,4082
13581,118.0,4083
12929,117.85000000000001,4084
17654,117.55000000000001,4085
16959,117.35,4086
13877,117.24,4087
17117,116.19999999999999,4088
17601,116.00999999999999,4089
14143,115.8,4090
15350,115.65,4091
13067,115.46,4092
18027,115.31,4093
14972,114.77000000000001,4094
13188,114.6,4095
16247,114.56,4096
14632,114.55999999999999,4097
17852,114.34,4098
17219,114.23,4099
14652,114.18,4100
12938,114.14,4101
14582,114.11,4102
12651,114.0,4103
14457,113.63999999999999,4104
17217,113.5,4105
15445,113.5,4105
18105,113.48000000000002,4107
16913,113.44,4108
15280,113.12,4109
14689,112.8,4110
13161,112.75,4111
16697,112.74999999999999,4112
13807,112.6,4113
18129,112.55,4114
15610,112.46,4115
17038,112.39999999999999,4116
14271,112.32,4117
17967,112.27,4118
17900,112.19999999999999,4119
13193,112.08000000000001,4120
12756,112.08000000000001,4120
17957,111.67999999999999,4122
17887,111.35,4123
18120,111.15,4124
13508,110.97,4125
13144,110.94999999999999,4126
15537,110.92,4127
15853,110.80000000000001,4128
16963,110.55000000000001,4129
14641,110.46000000000001,4130
12734,110.4,4131
18277,110.38000000000001,4132
17901,110.38000000000001,4132
16792,110.37999999999998,4134
17746,110.25000000000001,4135
17836,110.21000000000001,4136
13133,109.8,4137
16363,109.36,4138
14699,109.13,4139
14345,108.97999999999999,4140
13170,108.81000000000002,4141
17639,108.5,4142
16106,108.38,4143
13226,108.21000000000001,4144
12956,108.07000000000001,4145
14661,107.95,4146
17274,107.82,4147
16784,107.6,4148
15395,107.45,4149
17893,107.20999999999998,4150
16757,106.82999999999998,4151
15168,106.56,4152
15070,106.2,4153
17791,106.1,4154
16581,105.84000000000002,4155
15775,104.9,4156
14027,104.82,4157
15607,104.75999999999999,4158
15958,104.35000000000001,4159
18174,104.0,4160
18255,103.3,4161
17548,103.3,4161
14542,103.25,4163
18011,102.79,4164
14836,102.45000000000002,4165
17962,102.41,4166
14981,102.11999999999999,4167
13948,101.99999999999999,4168
15212,101.8,4169
16516,101.7,4170
18068,101.7,4170
17643,101.55,4172
16006,101.4,4173
18086,101.34,4174
13101,101.19,4175
16344,101.10000000000001,4176
16498,100.97,4177
14946,100.9,4178
17427,100.8,4179
14371,100.5,4180
13703,99.5,4181
17939,99.14,4182
15256,98.45,4183
17538,98.41999999999999,4184
17349,98.25,4185
15422,97.7,4186
12984,97.5,4187
17325,96.8,4188
15216,96.6,4189
14642,96.11999999999999,4190
17024,95.85,4191
17895,95.45,4192
18249,95.34,4193
12548,95.19999999999999,4194
16387,94.36,4195
13651,94.19999999999999,4196
16339,94.05,4197
15397,94.0,4198
18033,93.82000000000001,4199
15428,93.78,4200
18227,93.75,4201
13283,93.66,4202
17991,93.35000000000001,4203
12821,92.72,4204
14054,92.46000000000001,4205
12789,91.85,4206
13160,91.80000000000001,4207
13551,91.80000000000001,4207
12659,91.68,4209
15488,91.32,4210
13947,90.6,4211
14353,90.6,4211
18084,90.48,4213
16506,90.3,4214
15552,90.12,4215
16597,90.03999999999999,4216
14117,90.0,4217
14219,89.94,4218
14974,89.94,4218
14760,89.2,4220
12686,89.14,4221
14436,89.06,4222
12353,89.0,4223
15083,88.19999999999999,4224
15180,87.5,4225
13296,87.4,4226
15541,85.13000000000001,4227
15729,85.0,4228
13841,85.0,4228
13666,84.64999999999999,4230
12401,84.30000000000001,4231
17309,82.75,4232
13006,81.57,4233
17620,81.44,4234
18281,80.82,4235
16789,80.80000000000001,4236
13967,80.7,4237
17752,80.64,4238
13747,79.6,4239
15753,79.2,4240
16078,79.2,4240
17942,77.5,4242
14785,77.4,4243
13132,77.3,4244
13992,76.8,4245
14373,76.55,4246
17536,76.5,4247
13106,76.5,4247
15668,76.32,4249
16148,76.32,4249
14090,76.32,4249
18113,76.32,4249
17995,76.1,4253
17628,75.75,4254
16610,75.66000000000001,4255
13403,75.0,4256
16468,74.9,4257
18050,74.4,4258
13095,74.4,4258
17960,73.78,4260
12506,73.5,4261
18032,73.5,4261
16171,73.19999999999999,4263
17906,72.9,4264
13686,72.0,4265
13938,71.66,4266
13185,71.4,4267
17747,71.4,4267
17022,71.0,4269
18037,70.02,4270
15863,68.84,4271
14393,67.95,4272
17382,65.4,4273
13684,65.13000000000001,4274
13130,64.0,4275
13302,63.75,4276
17263,63.440000000000005,4277
14437,63.0,4278
12665,63.0,4278
14840,62.85,4280
13218,62.64,4281
15516,62.43000000000001,4282
13194,60.7,4283
17174,59.9,4284
13391,59.8,4285
13682,59.5,4286
14957,58.49,4287
13080,58.08,4288
17775,56.4,4289
15899,56.25,4290
13366,56.16,4291
16349,53.49999999999999,4292
15504,52.83,4293
13832,52.2,4294
14865,52.199999999999996,4295
15313,52.0,4296
14682,52.0,4296
17844,51.56,4298
14351,51.0,4299
13011,50.55,4300
18184,49.8,4301
14821,48.8,4302
15603,48.480000000000004,4303
16257,46.95,4304
14080,45.599999999999994,4305
15423,43.5,4306
14300,43.2,4307
15992,41.989999999999995,4308
15178,40.5,4309
14589,39.75,4310
12977,39.24,4311
16659,39.12,4312
18019,38.45,4313
12855,38.099999999999994,4314
16162,37.4,4315
17816,36.56,4316
15940,35.8,4317
14576,35.4,4318
16856,35.4,4318
17831,35.4,4318
15744,34.8,4321
16765,34.0,4322
17408,32.65,4323
13120,30.6,4324
15657,30.0,4325
17102,25.5,4326
18268,25.5,4326
16953,20.8,4328
17986,20.8,4328
16093,17.0,4330
17763,15.0,4331
15823,15.0,4331
13307,15.0,4331
16878,13.3,4334
17956,12.75,4335
16454,6.9,4336
14792,6.2,4337
16738,3.75,4338
